ISO-10303-21;
HEADER;
/* Generated by software containing ST-Developer
 * from STEP Tools, Inc. (www.steptools.com) 
 */

FILE_DESCRIPTION(
/* description */ (''),
/* implementation_level */ '2;1');

FILE_NAME(
/* name */ 'JeNoPocket_1.1_Chamfered_CameraPlate_DJI_O4_Wide_Left.step',

/* time_stamp */ '2026-07-16T23:30:01+02:00',
/* author */ (''),
/* organization */ (''),
/* preprocessor_version */ 'ST-DEVELOPER v20.1',
/* originating_system */ 'Autodesk Translation Framework v15.8.0.0',
/* authorisation */ '');

FILE_SCHEMA (('AUTOMOTIVE_DESIGN { 1 0 10303 214 3 1 1 }'));
ENDSEC;

DATA;
#10=MECHANICAL_DESIGN_GEOMETRIC_PRESENTATION_REPRESENTATION('',(#13),#2562);
#11=SHAPE_REPRESENTATION_RELATIONSHIP('SRR','None',#2569,#12);
#12=ADVANCED_BREP_SHAPE_REPRESENTATION('',(#14),#2561);
#13=STYLED_ITEM('',(#2578),#14);
#14=MANIFOLD_SOLID_BREP('Corps1',#1510);
#15=FACE_BOUND('',#286,.T.);
#16=FACE_BOUND('',#287,.T.);
#17=FACE_BOUND('',#288,.T.);
#18=FACE_BOUND('',#289,.T.);
#19=FACE_BOUND('',#290,.T.);
#20=FACE_BOUND('',#291,.T.);
#21=FACE_BOUND('',#292,.T.);
#22=FACE_BOUND('',#294,.T.);
#23=FACE_BOUND('',#295,.T.);
#24=FACE_BOUND('',#296,.T.);
#25=FACE_BOUND('',#297,.T.);
#26=FACE_BOUND('',#298,.T.);
#27=FACE_BOUND('',#299,.T.);
#28=FACE_BOUND('',#300,.T.);
#29=CIRCLE('',#1530,1.00000000000022);
#30=CIRCLE('',#1531,1.00000000000022);
#31=CIRCLE('',#1534,0.800000000000009);
#32=CIRCLE('',#1535,0.800000000000009);
#33=CIRCLE('',#1538,0.799999999999982);
#34=CIRCLE('',#1539,0.799999999999982);
#35=CIRCLE('',#1542,0.800000000000018);
#36=CIRCLE('',#1543,0.800000000000018);
#37=CIRCLE('',#1546,0.800000000000057);
#38=CIRCLE('',#1547,0.800000000000057);
#39=CIRCLE('',#1550,0.800000000000011);
#40=CIRCLE('',#1551,0.800000000000011);
#41=CIRCLE('',#1554,0.800000000000042);
#42=CIRCLE('',#1555,0.800000000000042);
#43=CIRCLE('',#1558,1.04999999999999);
#44=CIRCLE('',#1559,1.04999999999999);
#45=CIRCLE('',#1562,1.05000000000001);
#46=CIRCLE('',#1563,1.05000000000001);
#47=CIRCLE('',#1565,1.05000000000004);
#48=CIRCLE('',#1566,1.05000000000004);
#49=CIRCLE('',#1569,1.05000000000002);
#50=CIRCLE('',#1570,1.05000000000002);
#51=CIRCLE('',#1573,1.05000000000001);
#52=CIRCLE('',#1574,1.05000000000001);
#53=CIRCLE('',#1576,1.04999999999997);
#54=CIRCLE('',#1577,1.04999999999997);
#55=CIRCLE('',#1580,1.05000000000001);
#56=CIRCLE('',#1581,1.05000000000001);
#57=CIRCLE('',#1584,1.05000000000004);
#58=CIRCLE('',#1585,1.05000000000004);
#59=CIRCLE('',#1587,2.);
#60=CIRCLE('',#1588,2.);
#61=CIRCLE('',#1592,1.);
#62=CIRCLE('',#1593,1.);
#63=CIRCLE('',#1596,1.99999999999997);
#64=CIRCLE('',#1597,1.99999999999997);
#65=CIRCLE('',#1600,2.50000001026757);
#66=CIRCLE('',#1601,2.50000001026757);
#67=CIRCLE('',#1604,0.800000000000196);
#68=CIRCLE('',#1605,0.800000000000196);
#69=CIRCLE('',#1608,0.799999999999841);
#70=CIRCLE('',#1609,0.799999999999841);
#71=CIRCLE('',#1612,0.799999999999841);
#72=CIRCLE('',#1613,0.799999999999841);
#73=CIRCLE('',#1616,0.800000000000001);
#74=CIRCLE('',#1617,0.800000000000001);
#75=CIRCLE('',#1620,0.799999999999983);
#76=CIRCLE('',#1621,0.799999999999983);
#77=CIRCLE('',#1624,0.79999999999999);
#78=CIRCLE('',#1625,0.79999999999999);
#79=CIRCLE('',#1628,0.800000000000003);
#80=CIRCLE('',#1629,0.800000000000003);
#81=CIRCLE('',#1632,0.800000000000018);
#82=CIRCLE('',#1633,0.800000000000018);
#83=CIRCLE('',#1636,0.800000000000001);
#84=CIRCLE('',#1637,0.800000000000001);
#85=CIRCLE('',#1640,0.79999999999977);
#86=CIRCLE('',#1641,0.79999999999977);
#87=CIRCLE('',#1644,0.800000000000001);
#88=CIRCLE('',#1645,0.800000000000001);
#89=CIRCLE('',#1648,0.799999999999983);
#90=CIRCLE('',#1649,0.799999999999983);
#91=CIRCLE('',#1652,0.799999999999983);
#92=CIRCLE('',#1653,0.799999999999983);
#93=CIRCLE('',#1656,0.799999999999983);
#94=CIRCLE('',#1657,0.799999999999983);
#95=CIRCLE('',#1660,0.800000000000001);
#96=CIRCLE('',#1661,0.800000000000001);
#97=CIRCLE('',#1664,0.80000000000014);
#98=CIRCLE('',#1665,0.80000000000014);
#99=CIRCLE('',#1668,2.50000000782325);
#100=CIRCLE('',#1669,2.50000000782325);
#101=CYLINDRICAL_SURFACE('',#1529,1.00000000000022);
#102=CYLINDRICAL_SURFACE('',#1533,0.800000000000009);
#103=CYLINDRICAL_SURFACE('',#1537,0.799999999999982);
#104=CYLINDRICAL_SURFACE('',#1541,0.800000000000018);
#105=CYLINDRICAL_SURFACE('',#1545,0.800000000000057);
#106=CYLINDRICAL_SURFACE('',#1549,0.800000000000011);
#107=CYLINDRICAL_SURFACE('',#1553,0.800000000000042);
#108=CYLINDRICAL_SURFACE('',#1557,1.04999999999999);
#109=CYLINDRICAL_SURFACE('',#1561,1.05000000000001);
#110=CYLINDRICAL_SURFACE('',#1564,1.05000000000004);
#111=CYLINDRICAL_SURFACE('',#1568,1.05000000000002);
#112=CYLINDRICAL_SURFACE('',#1572,1.05000000000001);
#113=CYLINDRICAL_SURFACE('',#1575,1.04999999999997);
#114=CYLINDRICAL_SURFACE('',#1579,1.05000000000001);
#115=CYLINDRICAL_SURFACE('',#1583,1.05000000000004);
#116=CYLINDRICAL_SURFACE('',#1586,2.);
#117=CYLINDRICAL_SURFACE('',#1591,1.);
#118=CYLINDRICAL_SURFACE('',#1595,1.99999999999997);
#119=CYLINDRICAL_SURFACE('',#1599,2.50000001026757);
#120=CYLINDRICAL_SURFACE('',#1603,0.800000000000196);
#121=CYLINDRICAL_SURFACE('',#1607,0.799999999999841);
#122=CYLINDRICAL_SURFACE('',#1611,0.799999999999841);
#123=CYLINDRICAL_SURFACE('',#1615,0.800000000000001);
#124=CYLINDRICAL_SURFACE('',#1619,0.799999999999983);
#125=CYLINDRICAL_SURFACE('',#1623,0.79999999999999);
#126=CYLINDRICAL_SURFACE('',#1627,0.800000000000003);
#127=CYLINDRICAL_SURFACE('',#1631,0.800000000000018);
#128=CYLINDRICAL_SURFACE('',#1635,0.800000000000001);
#129=CYLINDRICAL_SURFACE('',#1639,0.79999999999977);
#130=CYLINDRICAL_SURFACE('',#1643,0.800000000000001);
#131=CYLINDRICAL_SURFACE('',#1647,0.799999999999983);
#132=CYLINDRICAL_SURFACE('',#1651,0.799999999999983);
#133=CYLINDRICAL_SURFACE('',#1655,0.799999999999983);
#134=CYLINDRICAL_SURFACE('',#1659,0.800000000000001);
#135=CYLINDRICAL_SURFACE('',#1663,0.80000000000014);
#136=CYLINDRICAL_SURFACE('',#1667,2.50000000782325);
#137=FACE_OUTER_BOUND('',#212,.T.);
#138=FACE_OUTER_BOUND('',#213,.T.);
#139=FACE_OUTER_BOUND('',#214,.T.);
#140=FACE_OUTER_BOUND('',#215,.T.);
#141=FACE_OUTER_BOUND('',#216,.T.);
#142=FACE_OUTER_BOUND('',#217,.T.);
#143=FACE_OUTER_BOUND('',#218,.T.);
#144=FACE_OUTER_BOUND('',#219,.T.);
#145=FACE_OUTER_BOUND('',#220,.T.);
#146=FACE_OUTER_BOUND('',#221,.T.);
#147=FACE_OUTER_BOUND('',#222,.T.);
#148=FACE_OUTER_BOUND('',#223,.T.);
#149=FACE_OUTER_BOUND('',#224,.T.);
#150=FACE_OUTER_BOUND('',#225,.T.);
#151=FACE_OUTER_BOUND('',#226,.T.);
#152=FACE_OUTER_BOUND('',#227,.T.);
#153=FACE_OUTER_BOUND('',#228,.T.);
#154=FACE_OUTER_BOUND('',#229,.T.);
#155=FACE_OUTER_BOUND('',#230,.T.);
#156=FACE_OUTER_BOUND('',#231,.T.);
#157=FACE_OUTER_BOUND('',#232,.T.);
#158=FACE_OUTER_BOUND('',#233,.T.);
#159=FACE_OUTER_BOUND('',#234,.T.);
#160=FACE_OUTER_BOUND('',#235,.T.);
#161=FACE_OUTER_BOUND('',#236,.T.);
#162=FACE_OUTER_BOUND('',#237,.T.);
#163=FACE_OUTER_BOUND('',#238,.T.);
#164=FACE_OUTER_BOUND('',#239,.T.);
#165=FACE_OUTER_BOUND('',#240,.T.);
#166=FACE_OUTER_BOUND('',#241,.T.);
#167=FACE_OUTER_BOUND('',#242,.T.);
#168=FACE_OUTER_BOUND('',#243,.T.);
#169=FACE_OUTER_BOUND('',#244,.T.);
#170=FACE_OUTER_BOUND('',#245,.T.);
#171=FACE_OUTER_BOUND('',#246,.T.);
#172=FACE_OUTER_BOUND('',#247,.T.);
#173=FACE_OUTER_BOUND('',#248,.T.);
#174=FACE_OUTER_BOUND('',#249,.T.);
#175=FACE_OUTER_BOUND('',#250,.T.);
#176=FACE_OUTER_BOUND('',#251,.T.);
#177=FACE_OUTER_BOUND('',#252,.T.);
#178=FACE_OUTER_BOUND('',#253,.T.);
#179=FACE_OUTER_BOUND('',#254,.T.);
#180=FACE_OUTER_BOUND('',#255,.T.);
#181=FACE_OUTER_BOUND('',#256,.T.);
#182=FACE_OUTER_BOUND('',#257,.T.);
#183=FACE_OUTER_BOUND('',#258,.T.);
#184=FACE_OUTER_BOUND('',#259,.T.);
#185=FACE_OUTER_BOUND('',#260,.T.);
#186=FACE_OUTER_BOUND('',#261,.T.);
#187=FACE_OUTER_BOUND('',#262,.T.);
#188=FACE_OUTER_BOUND('',#263,.T.);
#189=FACE_OUTER_BOUND('',#264,.T.);
#190=FACE_OUTER_BOUND('',#265,.T.);
#191=FACE_OUTER_BOUND('',#266,.T.);
#192=FACE_OUTER_BOUND('',#267,.T.);
#193=FACE_OUTER_BOUND('',#268,.T.);
#194=FACE_OUTER_BOUND('',#269,.T.);
#195=FACE_OUTER_BOUND('',#270,.T.);
#196=FACE_OUTER_BOUND('',#271,.T.);
#197=FACE_OUTER_BOUND('',#272,.T.);
#198=FACE_OUTER_BOUND('',#273,.T.);
#199=FACE_OUTER_BOUND('',#274,.T.);
#200=FACE_OUTER_BOUND('',#275,.T.);
#201=FACE_OUTER_BOUND('',#276,.T.);
#202=FACE_OUTER_BOUND('',#277,.T.);
#203=FACE_OUTER_BOUND('',#278,.T.);
#204=FACE_OUTER_BOUND('',#279,.T.);
#205=FACE_OUTER_BOUND('',#280,.T.);
#206=FACE_OUTER_BOUND('',#281,.T.);
#207=FACE_OUTER_BOUND('',#282,.T.);
#208=FACE_OUTER_BOUND('',#283,.T.);
#209=FACE_OUTER_BOUND('',#284,.T.);
#210=FACE_OUTER_BOUND('',#285,.T.);
#211=FACE_OUTER_BOUND('',#293,.T.);
#212=EDGE_LOOP('',(#958,#959,#960,#961,#962,#963));
#213=EDGE_LOOP('',(#964,#965,#966,#967));
#214=EDGE_LOOP('',(#968,#969,#970,#971));
#215=EDGE_LOOP('',(#972,#973,#974,#975,#976));
#216=EDGE_LOOP('',(#977,#978,#979,#980));
#217=EDGE_LOOP('',(#981,#982,#983,#984));
#218=EDGE_LOOP('',(#985,#986,#987,#988));
#219=EDGE_LOOP('',(#989,#990,#991,#992));
#220=EDGE_LOOP('',(#993,#994,#995,#996));
#221=EDGE_LOOP('',(#997,#998,#999,#1000));
#222=EDGE_LOOP('',(#1001,#1002,#1003,#1004));
#223=EDGE_LOOP('',(#1005,#1006,#1007,#1008));
#224=EDGE_LOOP('',(#1009,#1010,#1011,#1012));
#225=EDGE_LOOP('',(#1013,#1014,#1015,#1016));
#226=EDGE_LOOP('',(#1017,#1018,#1019,#1020));
#227=EDGE_LOOP('',(#1021,#1022,#1023,#1024));
#228=EDGE_LOOP('',(#1025,#1026,#1027,#1028));
#229=EDGE_LOOP('',(#1029,#1030,#1031,#1032));
#230=EDGE_LOOP('',(#1033,#1034,#1035,#1036));
#231=EDGE_LOOP('',(#1037,#1038,#1039,#1040));
#232=EDGE_LOOP('',(#1041,#1042,#1043,#1044));
#233=EDGE_LOOP('',(#1045,#1046,#1047,#1048));
#234=EDGE_LOOP('',(#1049,#1050,#1051,#1052));
#235=EDGE_LOOP('',(#1053,#1054,#1055,#1056));
#236=EDGE_LOOP('',(#1057,#1058,#1059,#1060));
#237=EDGE_LOOP('',(#1061,#1062,#1063,#1064));
#238=EDGE_LOOP('',(#1065,#1066,#1067,#1068));
#239=EDGE_LOOP('',(#1069,#1070,#1071,#1072));
#240=EDGE_LOOP('',(#1073,#1074,#1075,#1076));
#241=EDGE_LOOP('',(#1077,#1078,#1079,#1080));
#242=EDGE_LOOP('',(#1081,#1082,#1083,#1084));
#243=EDGE_LOOP('',(#1085,#1086,#1087,#1088));
#244=EDGE_LOOP('',(#1089,#1090,#1091,#1092));
#245=EDGE_LOOP('',(#1093,#1094,#1095,#1096,#1097));
#246=EDGE_LOOP('',(#1098,#1099,#1100,#1101));
#247=EDGE_LOOP('',(#1102,#1103,#1104,#1105));
#248=EDGE_LOOP('',(#1106,#1107,#1108,#1109));
#249=EDGE_LOOP('',(#1110,#1111,#1112,#1113));
#250=EDGE_LOOP('',(#1114,#1115,#1116,#1117));
#251=EDGE_LOOP('',(#1118,#1119,#1120,#1121));
#252=EDGE_LOOP('',(#1122,#1123,#1124,#1125));
#253=EDGE_LOOP('',(#1126,#1127,#1128,#1129));
#254=EDGE_LOOP('',(#1130,#1131,#1132,#1133));
#255=EDGE_LOOP('',(#1134,#1135,#1136,#1137));
#256=EDGE_LOOP('',(#1138,#1139,#1140,#1141));
#257=EDGE_LOOP('',(#1142,#1143,#1144,#1145));
#258=EDGE_LOOP('',(#1146,#1147,#1148,#1149));
#259=EDGE_LOOP('',(#1150,#1151,#1152,#1153));
#260=EDGE_LOOP('',(#1154,#1155,#1156,#1157));
#261=EDGE_LOOP('',(#1158,#1159,#1160,#1161));
#262=EDGE_LOOP('',(#1162,#1163,#1164,#1165));
#263=EDGE_LOOP('',(#1166,#1167,#1168,#1169));
#264=EDGE_LOOP('',(#1170,#1171,#1172,#1173));
#265=EDGE_LOOP('',(#1174,#1175,#1176,#1177));
#266=EDGE_LOOP('',(#1178,#1179,#1180,#1181));
#267=EDGE_LOOP('',(#1182,#1183,#1184,#1185));
#268=EDGE_LOOP('',(#1186,#1187,#1188,#1189));
#269=EDGE_LOOP('',(#1190,#1191,#1192,#1193));
#270=EDGE_LOOP('',(#1194,#1195,#1196,#1197));
#271=EDGE_LOOP('',(#1198,#1199,#1200,#1201));
#272=EDGE_LOOP('',(#1202,#1203,#1204,#1205));
#273=EDGE_LOOP('',(#1206,#1207,#1208,#1209));
#274=EDGE_LOOP('',(#1210,#1211,#1212,#1213));
#275=EDGE_LOOP('',(#1214,#1215,#1216,#1217));
#276=EDGE_LOOP('',(#1218,#1219,#1220,#1221));
#277=EDGE_LOOP('',(#1222,#1223,#1224,#1225));
#278=EDGE_LOOP('',(#1226,#1227,#1228,#1229));
#279=EDGE_LOOP('',(#1230,#1231,#1232,#1233));
#280=EDGE_LOOP('',(#1234,#1235,#1236,#1237));
#281=EDGE_LOOP('',(#1238,#1239,#1240,#1241));
#282=EDGE_LOOP('',(#1242,#1243,#1244,#1245));
#283=EDGE_LOOP('',(#1246,#1247,#1248,#1249));
#284=EDGE_LOOP('',(#1250,#1251,#1252,#1253));
#285=EDGE_LOOP('',(#1254,#1255,#1256,#1257,#1258,#1259,#1260,#1261,#1262,
#1263,#1264,#1265,#1266,#1267,#1268,#1269,#1270,#1271,#1272,#1273,#1274,
#1275,#1276,#1277,#1278,#1279,#1280,#1281,#1282,#1283,#1284,#1285,#1286,
#1287,#1288,#1289,#1290,#1291,#1292,#1293,#1294,#1295,#1296,#1297,#1298,
#1299));
#286=EDGE_LOOP('',(#1300));
#287=EDGE_LOOP('',(#1301,#1302,#1303,#1304));
#288=EDGE_LOOP('',(#1305,#1306,#1307,#1308));
#289=EDGE_LOOP('',(#1309));
#290=EDGE_LOOP('',(#1310,#1311,#1312,#1313));
#291=EDGE_LOOP('',(#1314,#1315,#1316,#1317,#1318,#1319));
#292=EDGE_LOOP('',(#1320,#1321,#1322,#1323,#1324,#1325));
#293=EDGE_LOOP('',(#1326,#1327,#1328,#1329,#1330,#1331,#1332,#1333,#1334,
#1335,#1336,#1337,#1338,#1339,#1340,#1341,#1342,#1343,#1344,#1345,#1346,
#1347,#1348,#1349,#1350,#1351,#1352,#1353,#1354,#1355,#1356,#1357,#1358,
#1359,#1360,#1361,#1362,#1363,#1364,#1365,#1366,#1367,#1368,#1369));
#294=EDGE_LOOP('',(#1370));
#295=EDGE_LOOP('',(#1371,#1372,#1373,#1374));
#296=EDGE_LOOP('',(#1375,#1376,#1377,#1378));
#297=EDGE_LOOP('',(#1379));
#298=EDGE_LOOP('',(#1380,#1381,#1382,#1383));
#299=EDGE_LOOP('',(#1384,#1385,#1386,#1387,#1388,#1389));
#300=EDGE_LOOP('',(#1390,#1391,#1392,#1393,#1394,#1395));
#301=LINE('',#2124,#446);
#302=LINE('',#2128,#447);
#303=LINE('',#2130,#448);
#304=LINE('',#2131,#449);
#305=LINE('',#2134,#450);
#306=LINE('',#2136,#451);
#307=LINE('',#2137,#452);
#308=LINE('',#2140,#453);
#309=LINE('',#2141,#454);
#310=LINE('',#2146,#455);
#311=LINE('',#2151,#456);
#312=LINE('',#2153,#457);
#313=LINE('',#2155,#458);
#314=LINE('',#2156,#459);
#315=LINE('',#2162,#460);
#316=LINE('',#2165,#461);
#317=LINE('',#2167,#462);
#318=LINE('',#2168,#463);
#319=LINE('',#2174,#464);
#320=LINE('',#2177,#465);
#321=LINE('',#2179,#466);
#322=LINE('',#2180,#467);
#323=LINE('',#2187,#468);
#324=LINE('',#2189,#469);
#325=LINE('',#2191,#470);
#326=LINE('',#2192,#471);
#327=LINE('',#2198,#472);
#328=LINE('',#2201,#473);
#329=LINE('',#2203,#474);
#330=LINE('',#2204,#475);
#331=LINE('',#2210,#476);
#332=LINE('',#2213,#477);
#333=LINE('',#2215,#478);
#334=LINE('',#2216,#479);
#335=LINE('',#2223,#480);
#336=LINE('',#2225,#481);
#337=LINE('',#2227,#482);
#338=LINE('',#2228,#483);
#339=LINE('',#2234,#484);
#340=LINE('',#2237,#485);
#341=LINE('',#2239,#486);
#342=LINE('',#2240,#487);
#343=LINE('',#2248,#488);
#344=LINE('',#2253,#489);
#345=LINE('',#2255,#490);
#346=LINE('',#2257,#491);
#347=LINE('',#2258,#492);
#348=LINE('',#2264,#493);
#349=LINE('',#2267,#494);
#350=LINE('',#2269,#495);
#351=LINE('',#2270,#496);
#352=LINE('',#2279,#497);
#353=LINE('',#2282,#498);
#354=LINE('',#2285,#499);
#355=LINE('',#2287,#500);
#356=LINE('',#2288,#501);
#357=LINE('',#2294,#502);
#358=LINE('',#2296,#503);
#359=LINE('',#2297,#504);
#360=LINE('',#2302,#505);
#361=LINE('',#2309,#506);
#362=LINE('',#2312,#507);
#363=LINE('',#2314,#508);
#364=LINE('',#2315,#509);
#365=LINE('',#2318,#510);
#366=LINE('',#2319,#511);
#367=LINE('',#2324,#512);
#368=LINE('',#2328,#513);
#369=LINE('',#2330,#514);
#370=LINE('',#2331,#515);
#371=LINE('',#2337,#516);
#372=LINE('',#2340,#517);
#373=LINE('',#2342,#518);
#374=LINE('',#2343,#519);
#375=LINE('',#2349,#520);
#376=LINE('',#2352,#521);
#377=LINE('',#2354,#522);
#378=LINE('',#2355,#523);
#379=LINE('',#2361,#524);
#380=LINE('',#2364,#525);
#381=LINE('',#2366,#526);
#382=LINE('',#2367,#527);
#383=LINE('',#2373,#528);
#384=LINE('',#2376,#529);
#385=LINE('',#2378,#530);
#386=LINE('',#2379,#531);
#387=LINE('',#2385,#532);
#388=LINE('',#2388,#533);
#389=LINE('',#2390,#534);
#390=LINE('',#2391,#535);
#391=LINE('',#2397,#536);
#392=LINE('',#2400,#537);
#393=LINE('',#2402,#538);
#394=LINE('',#2403,#539);
#395=LINE('',#2409,#540);
#396=LINE('',#2412,#541);
#397=LINE('',#2414,#542);
#398=LINE('',#2415,#543);
#399=LINE('',#2421,#544);
#400=LINE('',#2424,#545);
#401=LINE('',#2426,#546);
#402=LINE('',#2427,#547);
#403=LINE('',#2433,#548);
#404=LINE('',#2436,#549);
#405=LINE('',#2438,#550);
#406=LINE('',#2439,#551);
#407=LINE('',#2445,#552);
#408=LINE('',#2448,#553);
#409=LINE('',#2450,#554);
#410=LINE('',#2451,#555);
#411=LINE('',#2457,#556);
#412=LINE('',#2460,#557);
#413=LINE('',#2462,#558);
#414=LINE('',#2463,#559);
#415=LINE('',#2469,#560);
#416=LINE('',#2472,#561);
#417=LINE('',#2474,#562);
#418=LINE('',#2475,#563);
#419=LINE('',#2481,#564);
#420=LINE('',#2484,#565);
#421=LINE('',#2486,#566);
#422=LINE('',#2487,#567);
#423=LINE('',#2493,#568);
#424=LINE('',#2496,#569);
#425=LINE('',#2498,#570);
#426=LINE('',#2499,#571);
#427=LINE('',#2505,#572);
#428=LINE('',#2508,#573);
#429=LINE('',#2510,#574);
#430=LINE('',#2511,#575);
#431=LINE('',#2517,#576);
#432=LINE('',#2520,#577);
#433=LINE('',#2522,#578);
#434=LINE('',#2523,#579);
#435=LINE('',#2529,#580);
#436=LINE('',#2532,#581);
#437=LINE('',#2534,#582);
#438=LINE('',#2535,#583);
#439=LINE('',#2541,#584);
#440=LINE('',#2544,#585);
#441=LINE('',#2546,#586);
#442=LINE('',#2547,#587);
#443=LINE('',#2553,#588);
#444=LINE('',#2555,#589);
#445=LINE('',#2556,#590);
#446=VECTOR('',#1679,10.);
#447=VECTOR('',#1682,10.);
#448=VECTOR('',#1683,10.);
#449=VECTOR('',#1684,10.);
#450=VECTOR('',#1687,10.);
#451=VECTOR('',#1688,10.);
#452=VECTOR('',#1689,10.);
#453=VECTOR('',#1692,10.);
#454=VECTOR('',#1693,10.);
#455=VECTOR('',#1698,10.);
#456=VECTOR('',#1703,10.);
#457=VECTOR('',#1704,10.);
#458=VECTOR('',#1705,10.);
#459=VECTOR('',#1706,10.);
#460=VECTOR('',#1713,10.);
#461=VECTOR('',#1716,10.);
#462=VECTOR('',#1717,10.);
#463=VECTOR('',#1718,10.);
#464=VECTOR('',#1725,10.);
#465=VECTOR('',#1728,10.);
#466=VECTOR('',#1729,10.);
#467=VECTOR('',#1730,10.);
#468=VECTOR('',#1739,10.);
#469=VECTOR('',#1740,10.);
#470=VECTOR('',#1741,10.);
#471=VECTOR('',#1742,10.);
#472=VECTOR('',#1749,10.);
#473=VECTOR('',#1752,10.);
#474=VECTOR('',#1753,10.);
#475=VECTOR('',#1754,10.);
#476=VECTOR('',#1761,10.);
#477=VECTOR('',#1764,10.);
#478=VECTOR('',#1765,10.);
#479=VECTOR('',#1766,10.);
#480=VECTOR('',#1775,10.);
#481=VECTOR('',#1776,10.);
#482=VECTOR('',#1777,10.);
#483=VECTOR('',#1778,10.);
#484=VECTOR('',#1785,10.);
#485=VECTOR('',#1788,10.);
#486=VECTOR('',#1789,10.);
#487=VECTOR('',#1790,10.);
#488=VECTOR('',#1801,1.05000000000004);
#489=VECTOR('',#1806,10.);
#490=VECTOR('',#1807,10.);
#491=VECTOR('',#1808,10.);
#492=VECTOR('',#1809,10.);
#493=VECTOR('',#1816,10.);
#494=VECTOR('',#1819,10.);
#495=VECTOR('',#1820,10.);
#496=VECTOR('',#1821,10.);
#497=VECTOR('',#1832,10.);
#498=VECTOR('',#1835,10.);
#499=VECTOR('',#1838,10.);
#500=VECTOR('',#1839,10.);
#501=VECTOR('',#1840,10.);
#502=VECTOR('',#1847,10.);
#503=VECTOR('',#1850,10.);
#504=VECTOR('',#1851,10.);
#505=VECTOR('',#1856,1.05000000000004);
#506=VECTOR('',#1863,10.);
#507=VECTOR('',#1866,10.);
#508=VECTOR('',#1869,10.);
#509=VECTOR('',#1870,10.);
#510=VECTOR('',#1873,10.);
#511=VECTOR('',#1874,10.);
#512=VECTOR('',#1879,10.);
#513=VECTOR('',#1884,10.);
#514=VECTOR('',#1885,10.);
#515=VECTOR('',#1886,10.);
#516=VECTOR('',#1893,10.);
#517=VECTOR('',#1896,10.);
#518=VECTOR('',#1897,10.);
#519=VECTOR('',#1898,10.);
#520=VECTOR('',#1905,10.);
#521=VECTOR('',#1908,10.);
#522=VECTOR('',#1909,10.);
#523=VECTOR('',#1910,10.);
#524=VECTOR('',#1917,10.);
#525=VECTOR('',#1920,10.);
#526=VECTOR('',#1921,10.);
#527=VECTOR('',#1922,10.);
#528=VECTOR('',#1929,10.);
#529=VECTOR('',#1932,10.);
#530=VECTOR('',#1933,10.);
#531=VECTOR('',#1934,10.);
#532=VECTOR('',#1941,10.);
#533=VECTOR('',#1944,10.);
#534=VECTOR('',#1945,10.);
#535=VECTOR('',#1946,10.);
#536=VECTOR('',#1953,10.);
#537=VECTOR('',#1956,10.);
#538=VECTOR('',#1957,10.);
#539=VECTOR('',#1958,10.);
#540=VECTOR('',#1965,10.);
#541=VECTOR('',#1968,10.);
#542=VECTOR('',#1969,10.);
#543=VECTOR('',#1970,10.);
#544=VECTOR('',#1977,10.);
#545=VECTOR('',#1980,10.);
#546=VECTOR('',#1981,10.);
#547=VECTOR('',#1982,10.);
#548=VECTOR('',#1989,10.);
#549=VECTOR('',#1992,10.);
#550=VECTOR('',#1993,10.);
#551=VECTOR('',#1994,10.);
#552=VECTOR('',#2001,10.);
#553=VECTOR('',#2004,10.);
#554=VECTOR('',#2005,10.);
#555=VECTOR('',#2006,10.);
#556=VECTOR('',#2013,10.);
#557=VECTOR('',#2016,10.);
#558=VECTOR('',#2017,10.);
#559=VECTOR('',#2018,10.);
#560=VECTOR('',#2025,10.);
#561=VECTOR('',#2028,10.);
#562=VECTOR('',#2029,10.);
#563=VECTOR('',#2030,10.);
#564=VECTOR('',#2037,10.);
#565=VECTOR('',#2040,10.);
#566=VECTOR('',#2041,10.);
#567=VECTOR('',#2042,10.);
#568=VECTOR('',#2049,10.);
#569=VECTOR('',#2052,10.);
#570=VECTOR('',#2053,10.);
#571=VECTOR('',#2054,10.);
#572=VECTOR('',#2061,10.);
#573=VECTOR('',#2064,10.);
#574=VECTOR('',#2065,10.);
#575=VECTOR('',#2066,10.);
#576=VECTOR('',#2073,10.);
#577=VECTOR('',#2076,10.);
#578=VECTOR('',#2077,10.);
#579=VECTOR('',#2078,10.);
#580=VECTOR('',#2085,10.);
#581=VECTOR('',#2088,10.);
#582=VECTOR('',#2089,10.);
#583=VECTOR('',#2090,10.);
#584=VECTOR('',#2097,10.);
#585=VECTOR('',#2100,10.);
#586=VECTOR('',#2101,10.);
#587=VECTOR('',#2102,10.);
#588=VECTOR('',#2109,10.);
#589=VECTOR('',#2112,10.);
#590=VECTOR('',#2113,10.);
#591=ELLIPSE('',#1525,1.41421356237311,1.);
#592=ELLIPSE('',#1526,1.41421356237342,1.00000000000022);
#593=VERTEX_POINT('',#2120);
#594=VERTEX_POINT('',#2121);
#595=VERTEX_POINT('',#2123);
#596=VERTEX_POINT('',#2125);
#597=VERTEX_POINT('',#2127);
#598=VERTEX_POINT('',#2129);
#599=VERTEX_POINT('',#2133);
#600=VERTEX_POINT('',#2135);
#601=VERTEX_POINT('',#2139);
#602=VERTEX_POINT('',#2143);
#603=VERTEX_POINT('',#2145);
#604=VERTEX_POINT('',#2149);
#605=VERTEX_POINT('',#2150);
#606=VERTEX_POINT('',#2152);
#607=VERTEX_POINT('',#2154);
#608=VERTEX_POINT('',#2158);
#609=VERTEX_POINT('',#2160);
#610=VERTEX_POINT('',#2164);
#611=VERTEX_POINT('',#2166);
#612=VERTEX_POINT('',#2170);
#613=VERTEX_POINT('',#2172);
#614=VERTEX_POINT('',#2176);
#615=VERTEX_POINT('',#2178);
#616=VERTEX_POINT('',#2185);
#617=VERTEX_POINT('',#2186);
#618=VERTEX_POINT('',#2188);
#619=VERTEX_POINT('',#2190);
#620=VERTEX_POINT('',#2194);
#621=VERTEX_POINT('',#2196);
#622=VERTEX_POINT('',#2200);
#623=VERTEX_POINT('',#2202);
#624=VERTEX_POINT('',#2206);
#625=VERTEX_POINT('',#2208);
#626=VERTEX_POINT('',#2212);
#627=VERTEX_POINT('',#2214);
#628=VERTEX_POINT('',#2221);
#629=VERTEX_POINT('',#2222);
#630=VERTEX_POINT('',#2224);
#631=VERTEX_POINT('',#2226);
#632=VERTEX_POINT('',#2230);
#633=VERTEX_POINT('',#2232);
#634=VERTEX_POINT('',#2236);
#635=VERTEX_POINT('',#2238);
#636=VERTEX_POINT('',#2245);
#637=VERTEX_POINT('',#2247);
#638=VERTEX_POINT('',#2251);
#639=VERTEX_POINT('',#2252);
#640=VERTEX_POINT('',#2254);
#641=VERTEX_POINT('',#2256);
#642=VERTEX_POINT('',#2260);
#643=VERTEX_POINT('',#2262);
#644=VERTEX_POINT('',#2266);
#645=VERTEX_POINT('',#2268);
#646=VERTEX_POINT('',#2275);
#647=VERTEX_POINT('',#2276);
#648=VERTEX_POINT('',#2278);
#649=VERTEX_POINT('',#2280);
#650=VERTEX_POINT('',#2284);
#651=VERTEX_POINT('',#2286);
#652=VERTEX_POINT('',#2290);
#653=VERTEX_POINT('',#2292);
#654=VERTEX_POINT('',#2299);
#655=VERTEX_POINT('',#2301);
#656=VERTEX_POINT('',#2305);
#657=VERTEX_POINT('',#2306);
#658=VERTEX_POINT('',#2308);
#659=VERTEX_POINT('',#2310);
#660=VERTEX_POINT('',#2317);
#661=VERTEX_POINT('',#2321);
#662=VERTEX_POINT('',#2323);
#663=VERTEX_POINT('',#2327);
#664=VERTEX_POINT('',#2329);
#665=VERTEX_POINT('',#2333);
#666=VERTEX_POINT('',#2335);
#667=VERTEX_POINT('',#2339);
#668=VERTEX_POINT('',#2341);
#669=VERTEX_POINT('',#2345);
#670=VERTEX_POINT('',#2347);
#671=VERTEX_POINT('',#2351);
#672=VERTEX_POINT('',#2353);
#673=VERTEX_POINT('',#2357);
#674=VERTEX_POINT('',#2359);
#675=VERTEX_POINT('',#2363);
#676=VERTEX_POINT('',#2365);
#677=VERTEX_POINT('',#2369);
#678=VERTEX_POINT('',#2371);
#679=VERTEX_POINT('',#2375);
#680=VERTEX_POINT('',#2377);
#681=VERTEX_POINT('',#2381);
#682=VERTEX_POINT('',#2383);
#683=VERTEX_POINT('',#2387);
#684=VERTEX_POINT('',#2389);
#685=VERTEX_POINT('',#2393);
#686=VERTEX_POINT('',#2395);
#687=VERTEX_POINT('',#2399);
#688=VERTEX_POINT('',#2401);
#689=VERTEX_POINT('',#2405);
#690=VERTEX_POINT('',#2407);
#691=VERTEX_POINT('',#2411);
#692=VERTEX_POINT('',#2413);
#693=VERTEX_POINT('',#2417);
#694=VERTEX_POINT('',#2419);
#695=VERTEX_POINT('',#2423);
#696=VERTEX_POINT('',#2425);
#697=VERTEX_POINT('',#2429);
#698=VERTEX_POINT('',#2431);
#699=VERTEX_POINT('',#2435);
#700=VERTEX_POINT('',#2437);
#701=VERTEX_POINT('',#2441);
#702=VERTEX_POINT('',#2443);
#703=VERTEX_POINT('',#2447);
#704=VERTEX_POINT('',#2449);
#705=VERTEX_POINT('',#2453);
#706=VERTEX_POINT('',#2455);
#707=VERTEX_POINT('',#2459);
#708=VERTEX_POINT('',#2461);
#709=VERTEX_POINT('',#2465);
#710=VERTEX_POINT('',#2467);
#711=VERTEX_POINT('',#2471);
#712=VERTEX_POINT('',#2473);
#713=VERTEX_POINT('',#2477);
#714=VERTEX_POINT('',#2479);
#715=VERTEX_POINT('',#2483);
#716=VERTEX_POINT('',#2485);
#717=VERTEX_POINT('',#2489);
#718=VERTEX_POINT('',#2491);
#719=VERTEX_POINT('',#2495);
#720=VERTEX_POINT('',#2497);
#721=VERTEX_POINT('',#2501);
#722=VERTEX_POINT('',#2503);
#723=VERTEX_POINT('',#2507);
#724=VERTEX_POINT('',#2509);
#725=VERTEX_POINT('',#2513);
#726=VERTEX_POINT('',#2515);
#727=VERTEX_POINT('',#2519);
#728=VERTEX_POINT('',#2521);
#729=VERTEX_POINT('',#2525);
#730=VERTEX_POINT('',#2527);
#731=VERTEX_POINT('',#2531);
#732=VERTEX_POINT('',#2533);
#733=VERTEX_POINT('',#2537);
#734=VERTEX_POINT('',#2539);
#735=VERTEX_POINT('',#2543);
#736=VERTEX_POINT('',#2545);
#737=VERTEX_POINT('',#2549);
#738=VERTEX_POINT('',#2551);
#739=EDGE_CURVE('',#593,#594,#591,.T.);
#740=EDGE_CURVE('',#594,#595,#301,.T.);
#741=EDGE_CURVE('',#595,#596,#592,.T.);
#742=EDGE_CURVE('',#596,#597,#302,.T.);
#743=EDGE_CURVE('',#597,#598,#303,.T.);
#744=EDGE_CURVE('',#598,#593,#304,.T.);
#745=EDGE_CURVE('',#597,#599,#305,.T.);
#746=EDGE_CURVE('',#600,#599,#306,.T.);
#747=EDGE_CURVE('',#598,#600,#307,.T.);
#748=EDGE_CURVE('',#596,#601,#308,.T.);
#749=EDGE_CURVE('',#599,#601,#309,.T.);
#750=EDGE_CURVE('',#602,#595,#29,.T.);
#751=EDGE_CURVE('',#602,#603,#310,.T.);
#752=EDGE_CURVE('',#601,#603,#30,.T.);
#753=EDGE_CURVE('',#604,#605,#311,.T.);
#754=EDGE_CURVE('',#605,#606,#312,.T.);
#755=EDGE_CURVE('',#607,#606,#313,.T.);
#756=EDGE_CURVE('',#604,#607,#314,.T.);
#757=EDGE_CURVE('',#608,#604,#31,.T.);
#758=EDGE_CURVE('',#609,#607,#32,.T.);
#759=EDGE_CURVE('',#608,#609,#315,.T.);
#760=EDGE_CURVE('',#610,#608,#316,.T.);
#761=EDGE_CURVE('',#611,#609,#317,.T.);
#762=EDGE_CURVE('',#610,#611,#318,.T.);
#763=EDGE_CURVE('',#612,#610,#33,.T.);
#764=EDGE_CURVE('',#613,#611,#34,.T.);
#765=EDGE_CURVE('',#612,#613,#319,.T.);
#766=EDGE_CURVE('',#614,#612,#320,.T.);
#767=EDGE_CURVE('',#615,#613,#321,.T.);
#768=EDGE_CURVE('',#614,#615,#322,.T.);
#769=EDGE_CURVE('',#605,#614,#35,.T.);
#770=EDGE_CURVE('',#606,#615,#36,.T.);
#771=EDGE_CURVE('',#616,#617,#323,.T.);
#772=EDGE_CURVE('',#617,#618,#324,.T.);
#773=EDGE_CURVE('',#619,#618,#325,.T.);
#774=EDGE_CURVE('',#616,#619,#326,.T.);
#775=EDGE_CURVE('',#620,#616,#37,.T.);
#776=EDGE_CURVE('',#621,#619,#38,.T.);
#777=EDGE_CURVE('',#620,#621,#327,.T.);
#778=EDGE_CURVE('',#622,#620,#328,.T.);
#779=EDGE_CURVE('',#623,#621,#329,.T.);
#780=EDGE_CURVE('',#622,#623,#330,.T.);
#781=EDGE_CURVE('',#624,#622,#39,.T.);
#782=EDGE_CURVE('',#625,#623,#40,.T.);
#783=EDGE_CURVE('',#624,#625,#331,.T.);
#784=EDGE_CURVE('',#626,#624,#332,.T.);
#785=EDGE_CURVE('',#627,#625,#333,.T.);
#786=EDGE_CURVE('',#626,#627,#334,.T.);
#787=EDGE_CURVE('',#617,#626,#41,.T.);
#788=EDGE_CURVE('',#618,#627,#42,.T.);
#789=EDGE_CURVE('',#628,#629,#335,.T.);
#790=EDGE_CURVE('',#629,#630,#336,.T.);
#791=EDGE_CURVE('',#631,#630,#337,.T.);
#792=EDGE_CURVE('',#628,#631,#338,.T.);
#793=EDGE_CURVE('',#632,#628,#43,.T.);
#794=EDGE_CURVE('',#633,#631,#44,.T.);
#795=EDGE_CURVE('',#632,#633,#339,.T.);
#796=EDGE_CURVE('',#634,#632,#340,.T.);
#797=EDGE_CURVE('',#635,#633,#341,.T.);
#798=EDGE_CURVE('',#634,#635,#342,.T.);
#799=EDGE_CURVE('',#629,#634,#45,.T.);
#800=EDGE_CURVE('',#630,#635,#46,.T.);
#801=EDGE_CURVE('',#636,#636,#47,.T.);
#802=EDGE_CURVE('',#636,#637,#343,.T.);
#803=EDGE_CURVE('',#637,#637,#48,.T.);
#804=EDGE_CURVE('',#638,#639,#344,.T.);
#805=EDGE_CURVE('',#639,#640,#345,.T.);
#806=EDGE_CURVE('',#641,#640,#346,.T.);
#807=EDGE_CURVE('',#638,#641,#347,.T.);
#808=EDGE_CURVE('',#642,#638,#49,.T.);
#809=EDGE_CURVE('',#643,#641,#50,.T.);
#810=EDGE_CURVE('',#642,#643,#348,.T.);
#811=EDGE_CURVE('',#644,#642,#349,.T.);
#812=EDGE_CURVE('',#645,#643,#350,.T.);
#813=EDGE_CURVE('',#644,#645,#351,.T.);
#814=EDGE_CURVE('',#639,#644,#51,.T.);
#815=EDGE_CURVE('',#640,#645,#52,.T.);
#816=EDGE_CURVE('',#646,#647,#53,.T.);
#817=EDGE_CURVE('',#647,#648,#352,.T.);
#818=EDGE_CURVE('',#649,#648,#54,.T.);
#819=EDGE_CURVE('',#646,#649,#353,.T.);
#820=EDGE_CURVE('',#650,#646,#354,.T.);
#821=EDGE_CURVE('',#651,#649,#355,.T.);
#822=EDGE_CURVE('',#650,#651,#356,.T.);
#823=EDGE_CURVE('',#652,#650,#55,.T.);
#824=EDGE_CURVE('',#653,#651,#56,.T.);
#825=EDGE_CURVE('',#652,#653,#357,.T.);
#826=EDGE_CURVE('',#647,#652,#358,.T.);
#827=EDGE_CURVE('',#648,#653,#359,.T.);
#828=EDGE_CURVE('',#654,#654,#57,.T.);
#829=EDGE_CURVE('',#654,#655,#360,.T.);
#830=EDGE_CURVE('',#655,#655,#58,.T.);
#831=EDGE_CURVE('',#656,#657,#59,.T.);
#832=EDGE_CURVE('',#656,#658,#361,.T.);
#833=EDGE_CURVE('',#659,#658,#60,.T.);
#834=EDGE_CURVE('',#657,#659,#362,.T.);
#835=EDGE_CURVE('',#657,#602,#363,.T.);
#836=EDGE_CURVE('',#603,#659,#364,.T.);
#837=EDGE_CURVE('',#660,#600,#365,.T.);
#838=EDGE_CURVE('',#593,#660,#366,.T.);
#839=EDGE_CURVE('',#661,#660,#61,.T.);
#840=EDGE_CURVE('',#662,#661,#367,.T.);
#841=EDGE_CURVE('',#594,#662,#62,.T.);
#842=EDGE_CURVE('',#662,#663,#368,.T.);
#843=EDGE_CURVE('',#664,#661,#369,.T.);
#844=EDGE_CURVE('',#663,#664,#370,.T.);
#845=EDGE_CURVE('',#663,#665,#63,.T.);
#846=EDGE_CURVE('',#666,#664,#64,.T.);
#847=EDGE_CURVE('',#665,#666,#371,.T.);
#848=EDGE_CURVE('',#665,#667,#372,.T.);
#849=EDGE_CURVE('',#668,#666,#373,.T.);
#850=EDGE_CURVE('',#667,#668,#374,.T.);
#851=EDGE_CURVE('',#669,#667,#65,.T.);
#852=EDGE_CURVE('',#670,#668,#66,.T.);
#853=EDGE_CURVE('',#669,#670,#375,.T.);
#854=EDGE_CURVE('',#671,#669,#376,.T.);
#855=EDGE_CURVE('',#672,#670,#377,.T.);
#856=EDGE_CURVE('',#671,#672,#378,.T.);
#857=EDGE_CURVE('',#673,#671,#67,.T.);
#858=EDGE_CURVE('',#674,#672,#68,.T.);
#859=EDGE_CURVE('',#673,#674,#379,.T.);
#860=EDGE_CURVE('',#675,#673,#380,.T.);
#861=EDGE_CURVE('',#676,#674,#381,.T.);
#862=EDGE_CURVE('',#675,#676,#382,.T.);
#863=EDGE_CURVE('',#675,#677,#69,.T.);
#864=EDGE_CURVE('',#678,#676,#70,.T.);
#865=EDGE_CURVE('',#677,#678,#383,.T.);
#866=EDGE_CURVE('',#679,#677,#384,.T.);
#867=EDGE_CURVE('',#680,#678,#385,.T.);
#868=EDGE_CURVE('',#679,#680,#386,.T.);
#869=EDGE_CURVE('',#679,#681,#71,.T.);
#870=EDGE_CURVE('',#682,#680,#72,.T.);
#871=EDGE_CURVE('',#681,#682,#387,.T.);
#872=EDGE_CURVE('',#683,#681,#388,.T.);
#873=EDGE_CURVE('',#684,#682,#389,.T.);
#874=EDGE_CURVE('',#683,#684,#390,.T.);
#875=EDGE_CURVE('',#685,#683,#73,.T.);
#876=EDGE_CURVE('',#686,#684,#74,.T.);
#877=EDGE_CURVE('',#685,#686,#391,.T.);
#878=EDGE_CURVE('',#687,#685,#392,.T.);
#879=EDGE_CURVE('',#688,#686,#393,.T.);
#880=EDGE_CURVE('',#687,#688,#394,.T.);
#881=EDGE_CURVE('',#689,#687,#75,.T.);
#882=EDGE_CURVE('',#690,#688,#76,.T.);
#883=EDGE_CURVE('',#689,#690,#395,.T.);
#884=EDGE_CURVE('',#691,#689,#396,.T.);
#885=EDGE_CURVE('',#692,#690,#397,.T.);
#886=EDGE_CURVE('',#691,#692,#398,.T.);
#887=EDGE_CURVE('',#693,#691,#77,.T.);
#888=EDGE_CURVE('',#694,#692,#78,.T.);
#889=EDGE_CURVE('',#693,#694,#399,.T.);
#890=EDGE_CURVE('',#695,#693,#400,.T.);
#891=EDGE_CURVE('',#696,#694,#401,.T.);
#892=EDGE_CURVE('',#695,#696,#402,.T.);
#893=EDGE_CURVE('',#695,#697,#79,.T.);
#894=EDGE_CURVE('',#698,#696,#80,.T.);
#895=EDGE_CURVE('',#697,#698,#403,.T.);
#896=EDGE_CURVE('',#699,#697,#404,.T.);
#897=EDGE_CURVE('',#700,#698,#405,.T.);
#898=EDGE_CURVE('',#699,#700,#406,.T.);
#899=EDGE_CURVE('',#699,#701,#81,.T.);
#900=EDGE_CURVE('',#702,#700,#82,.T.);
#901=EDGE_CURVE('',#701,#702,#407,.T.);
#902=EDGE_CURVE('',#703,#701,#408,.T.);
#903=EDGE_CURVE('',#704,#702,#409,.T.);
#904=EDGE_CURVE('',#703,#704,#410,.T.);
#905=EDGE_CURVE('',#705,#703,#83,.T.);
#906=EDGE_CURVE('',#706,#704,#84,.T.);
#907=EDGE_CURVE('',#705,#706,#411,.T.);
#908=EDGE_CURVE('',#707,#705,#412,.T.);
#909=EDGE_CURVE('',#708,#706,#413,.T.);
#910=EDGE_CURVE('',#707,#708,#414,.T.);
#911=EDGE_CURVE('',#707,#709,#85,.T.);
#912=EDGE_CURVE('',#710,#708,#86,.T.);
#913=EDGE_CURVE('',#709,#710,#415,.T.);
#914=EDGE_CURVE('',#711,#709,#416,.T.);
#915=EDGE_CURVE('',#712,#710,#417,.T.);
#916=EDGE_CURVE('',#711,#712,#418,.T.);
#917=EDGE_CURVE('',#713,#711,#87,.T.);
#918=EDGE_CURVE('',#714,#712,#88,.T.);
#919=EDGE_CURVE('',#713,#714,#419,.T.);
#920=EDGE_CURVE('',#715,#713,#420,.T.);
#921=EDGE_CURVE('',#716,#714,#421,.T.);
#922=EDGE_CURVE('',#715,#716,#422,.T.);
#923=EDGE_CURVE('',#717,#715,#89,.T.);
#924=EDGE_CURVE('',#718,#716,#90,.T.);
#925=EDGE_CURVE('',#717,#718,#423,.T.);
#926=EDGE_CURVE('',#719,#717,#424,.T.);
#927=EDGE_CURVE('',#720,#718,#425,.T.);
#928=EDGE_CURVE('',#719,#720,#426,.T.);
#929=EDGE_CURVE('',#719,#721,#91,.T.);
#930=EDGE_CURVE('',#722,#720,#92,.T.);
#931=EDGE_CURVE('',#721,#722,#427,.T.);
#932=EDGE_CURVE('',#721,#723,#428,.T.);
#933=EDGE_CURVE('',#724,#722,#429,.T.);
#934=EDGE_CURVE('',#723,#724,#430,.T.);
#935=EDGE_CURVE('',#723,#725,#93,.T.);
#936=EDGE_CURVE('',#726,#724,#94,.T.);
#937=EDGE_CURVE('',#725,#726,#431,.T.);
#938=EDGE_CURVE('',#725,#727,#432,.T.);
#939=EDGE_CURVE('',#728,#726,#433,.T.);
#940=EDGE_CURVE('',#727,#728,#434,.T.);
#941=EDGE_CURVE('',#729,#727,#95,.T.);
#942=EDGE_CURVE('',#730,#728,#96,.T.);
#943=EDGE_CURVE('',#729,#730,#435,.T.);
#944=EDGE_CURVE('',#729,#731,#436,.T.);
#945=EDGE_CURVE('',#732,#730,#437,.T.);
#946=EDGE_CURVE('',#731,#732,#438,.T.);
#947=EDGE_CURVE('',#733,#731,#97,.T.);
#948=EDGE_CURVE('',#734,#732,#98,.T.);
#949=EDGE_CURVE('',#733,#734,#439,.T.);
#950=EDGE_CURVE('',#733,#735,#440,.T.);
#951=EDGE_CURVE('',#736,#734,#441,.T.);
#952=EDGE_CURVE('',#735,#736,#442,.T.);
#953=EDGE_CURVE('',#737,#735,#99,.T.);
#954=EDGE_CURVE('',#738,#736,#100,.T.);
#955=EDGE_CURVE('',#737,#738,#443,.T.);
#956=EDGE_CURVE('',#656,#737,#444,.T.);
#957=EDGE_CURVE('',#658,#738,#445,.T.);
#958=ORIENTED_EDGE('',*,*,#739,.T.);
#959=ORIENTED_EDGE('',*,*,#740,.T.);
#960=ORIENTED_EDGE('',*,*,#741,.T.);
#961=ORIENTED_EDGE('',*,*,#742,.T.);
#962=ORIENTED_EDGE('',*,*,#743,.T.);
#963=ORIENTED_EDGE('',*,*,#744,.T.);
#964=ORIENTED_EDGE('',*,*,#743,.F.);
#965=ORIENTED_EDGE('',*,*,#745,.T.);
#966=ORIENTED_EDGE('',*,*,#746,.F.);
#967=ORIENTED_EDGE('',*,*,#747,.F.);
#968=ORIENTED_EDGE('',*,*,#742,.F.);
#969=ORIENTED_EDGE('',*,*,#748,.T.);
#970=ORIENTED_EDGE('',*,*,#749,.F.);
#971=ORIENTED_EDGE('',*,*,#745,.F.);
#972=ORIENTED_EDGE('',*,*,#741,.F.);
#973=ORIENTED_EDGE('',*,*,#750,.F.);
#974=ORIENTED_EDGE('',*,*,#751,.T.);
#975=ORIENTED_EDGE('',*,*,#752,.F.);
#976=ORIENTED_EDGE('',*,*,#748,.F.);
#977=ORIENTED_EDGE('',*,*,#753,.T.);
#978=ORIENTED_EDGE('',*,*,#754,.T.);
#979=ORIENTED_EDGE('',*,*,#755,.F.);
#980=ORIENTED_EDGE('',*,*,#756,.F.);
#981=ORIENTED_EDGE('',*,*,#757,.T.);
#982=ORIENTED_EDGE('',*,*,#756,.T.);
#983=ORIENTED_EDGE('',*,*,#758,.F.);
#984=ORIENTED_EDGE('',*,*,#759,.F.);
#985=ORIENTED_EDGE('',*,*,#760,.T.);
#986=ORIENTED_EDGE('',*,*,#759,.T.);
#987=ORIENTED_EDGE('',*,*,#761,.F.);
#988=ORIENTED_EDGE('',*,*,#762,.F.);
#989=ORIENTED_EDGE('',*,*,#763,.T.);
#990=ORIENTED_EDGE('',*,*,#762,.T.);
#991=ORIENTED_EDGE('',*,*,#764,.F.);
#992=ORIENTED_EDGE('',*,*,#765,.F.);
#993=ORIENTED_EDGE('',*,*,#766,.T.);
#994=ORIENTED_EDGE('',*,*,#765,.T.);
#995=ORIENTED_EDGE('',*,*,#767,.F.);
#996=ORIENTED_EDGE('',*,*,#768,.F.);
#997=ORIENTED_EDGE('',*,*,#769,.T.);
#998=ORIENTED_EDGE('',*,*,#768,.T.);
#999=ORIENTED_EDGE('',*,*,#770,.F.);
#1000=ORIENTED_EDGE('',*,*,#754,.F.);
#1001=ORIENTED_EDGE('',*,*,#771,.T.);
#1002=ORIENTED_EDGE('',*,*,#772,.T.);
#1003=ORIENTED_EDGE('',*,*,#773,.F.);
#1004=ORIENTED_EDGE('',*,*,#774,.F.);
#1005=ORIENTED_EDGE('',*,*,#775,.T.);
#1006=ORIENTED_EDGE('',*,*,#774,.T.);
#1007=ORIENTED_EDGE('',*,*,#776,.F.);
#1008=ORIENTED_EDGE('',*,*,#777,.F.);
#1009=ORIENTED_EDGE('',*,*,#778,.T.);
#1010=ORIENTED_EDGE('',*,*,#777,.T.);
#1011=ORIENTED_EDGE('',*,*,#779,.F.);
#1012=ORIENTED_EDGE('',*,*,#780,.F.);
#1013=ORIENTED_EDGE('',*,*,#781,.T.);
#1014=ORIENTED_EDGE('',*,*,#780,.T.);
#1015=ORIENTED_EDGE('',*,*,#782,.F.);
#1016=ORIENTED_EDGE('',*,*,#783,.F.);
#1017=ORIENTED_EDGE('',*,*,#784,.T.);
#1018=ORIENTED_EDGE('',*,*,#783,.T.);
#1019=ORIENTED_EDGE('',*,*,#785,.F.);
#1020=ORIENTED_EDGE('',*,*,#786,.F.);
#1021=ORIENTED_EDGE('',*,*,#787,.T.);
#1022=ORIENTED_EDGE('',*,*,#786,.T.);
#1023=ORIENTED_EDGE('',*,*,#788,.F.);
#1024=ORIENTED_EDGE('',*,*,#772,.F.);
#1025=ORIENTED_EDGE('',*,*,#789,.T.);
#1026=ORIENTED_EDGE('',*,*,#790,.T.);
#1027=ORIENTED_EDGE('',*,*,#791,.F.);
#1028=ORIENTED_EDGE('',*,*,#792,.F.);
#1029=ORIENTED_EDGE('',*,*,#793,.T.);
#1030=ORIENTED_EDGE('',*,*,#792,.T.);
#1031=ORIENTED_EDGE('',*,*,#794,.F.);
#1032=ORIENTED_EDGE('',*,*,#795,.F.);
#1033=ORIENTED_EDGE('',*,*,#796,.T.);
#1034=ORIENTED_EDGE('',*,*,#795,.T.);
#1035=ORIENTED_EDGE('',*,*,#797,.F.);
#1036=ORIENTED_EDGE('',*,*,#798,.F.);
#1037=ORIENTED_EDGE('',*,*,#799,.T.);
#1038=ORIENTED_EDGE('',*,*,#798,.T.);
#1039=ORIENTED_EDGE('',*,*,#800,.F.);
#1040=ORIENTED_EDGE('',*,*,#790,.F.);
#1041=ORIENTED_EDGE('',*,*,#801,.F.);
#1042=ORIENTED_EDGE('',*,*,#802,.T.);
#1043=ORIENTED_EDGE('',*,*,#803,.T.);
#1044=ORIENTED_EDGE('',*,*,#802,.F.);
#1045=ORIENTED_EDGE('',*,*,#804,.T.);
#1046=ORIENTED_EDGE('',*,*,#805,.T.);
#1047=ORIENTED_EDGE('',*,*,#806,.F.);
#1048=ORIENTED_EDGE('',*,*,#807,.F.);
#1049=ORIENTED_EDGE('',*,*,#808,.T.);
#1050=ORIENTED_EDGE('',*,*,#807,.T.);
#1051=ORIENTED_EDGE('',*,*,#809,.F.);
#1052=ORIENTED_EDGE('',*,*,#810,.F.);
#1053=ORIENTED_EDGE('',*,*,#811,.T.);
#1054=ORIENTED_EDGE('',*,*,#810,.T.);
#1055=ORIENTED_EDGE('',*,*,#812,.F.);
#1056=ORIENTED_EDGE('',*,*,#813,.F.);
#1057=ORIENTED_EDGE('',*,*,#814,.T.);
#1058=ORIENTED_EDGE('',*,*,#813,.T.);
#1059=ORIENTED_EDGE('',*,*,#815,.F.);
#1060=ORIENTED_EDGE('',*,*,#805,.F.);
#1061=ORIENTED_EDGE('',*,*,#816,.T.);
#1062=ORIENTED_EDGE('',*,*,#817,.T.);
#1063=ORIENTED_EDGE('',*,*,#818,.F.);
#1064=ORIENTED_EDGE('',*,*,#819,.F.);
#1065=ORIENTED_EDGE('',*,*,#820,.T.);
#1066=ORIENTED_EDGE('',*,*,#819,.T.);
#1067=ORIENTED_EDGE('',*,*,#821,.F.);
#1068=ORIENTED_EDGE('',*,*,#822,.F.);
#1069=ORIENTED_EDGE('',*,*,#823,.T.);
#1070=ORIENTED_EDGE('',*,*,#822,.T.);
#1071=ORIENTED_EDGE('',*,*,#824,.F.);
#1072=ORIENTED_EDGE('',*,*,#825,.F.);
#1073=ORIENTED_EDGE('',*,*,#826,.T.);
#1074=ORIENTED_EDGE('',*,*,#825,.T.);
#1075=ORIENTED_EDGE('',*,*,#827,.F.);
#1076=ORIENTED_EDGE('',*,*,#817,.F.);
#1077=ORIENTED_EDGE('',*,*,#828,.F.);
#1078=ORIENTED_EDGE('',*,*,#829,.T.);
#1079=ORIENTED_EDGE('',*,*,#830,.T.);
#1080=ORIENTED_EDGE('',*,*,#829,.F.);
#1081=ORIENTED_EDGE('',*,*,#831,.F.);
#1082=ORIENTED_EDGE('',*,*,#832,.T.);
#1083=ORIENTED_EDGE('',*,*,#833,.F.);
#1084=ORIENTED_EDGE('',*,*,#834,.F.);
#1085=ORIENTED_EDGE('',*,*,#835,.F.);
#1086=ORIENTED_EDGE('',*,*,#834,.T.);
#1087=ORIENTED_EDGE('',*,*,#836,.F.);
#1088=ORIENTED_EDGE('',*,*,#751,.F.);
#1089=ORIENTED_EDGE('',*,*,#744,.F.);
#1090=ORIENTED_EDGE('',*,*,#747,.T.);
#1091=ORIENTED_EDGE('',*,*,#837,.F.);
#1092=ORIENTED_EDGE('',*,*,#838,.F.);
#1093=ORIENTED_EDGE('',*,*,#739,.F.);
#1094=ORIENTED_EDGE('',*,*,#838,.T.);
#1095=ORIENTED_EDGE('',*,*,#839,.F.);
#1096=ORIENTED_EDGE('',*,*,#840,.F.);
#1097=ORIENTED_EDGE('',*,*,#841,.F.);
#1098=ORIENTED_EDGE('',*,*,#842,.F.);
#1099=ORIENTED_EDGE('',*,*,#840,.T.);
#1100=ORIENTED_EDGE('',*,*,#843,.F.);
#1101=ORIENTED_EDGE('',*,*,#844,.F.);
#1102=ORIENTED_EDGE('',*,*,#845,.F.);
#1103=ORIENTED_EDGE('',*,*,#844,.T.);
#1104=ORIENTED_EDGE('',*,*,#846,.F.);
#1105=ORIENTED_EDGE('',*,*,#847,.F.);
#1106=ORIENTED_EDGE('',*,*,#848,.F.);
#1107=ORIENTED_EDGE('',*,*,#847,.T.);
#1108=ORIENTED_EDGE('',*,*,#849,.F.);
#1109=ORIENTED_EDGE('',*,*,#850,.F.);
#1110=ORIENTED_EDGE('',*,*,#851,.T.);
#1111=ORIENTED_EDGE('',*,*,#850,.T.);
#1112=ORIENTED_EDGE('',*,*,#852,.F.);
#1113=ORIENTED_EDGE('',*,*,#853,.F.);
#1114=ORIENTED_EDGE('',*,*,#854,.T.);
#1115=ORIENTED_EDGE('',*,*,#853,.T.);
#1116=ORIENTED_EDGE('',*,*,#855,.F.);
#1117=ORIENTED_EDGE('',*,*,#856,.F.);
#1118=ORIENTED_EDGE('',*,*,#857,.T.);
#1119=ORIENTED_EDGE('',*,*,#856,.T.);
#1120=ORIENTED_EDGE('',*,*,#858,.F.);
#1121=ORIENTED_EDGE('',*,*,#859,.F.);
#1122=ORIENTED_EDGE('',*,*,#860,.T.);
#1123=ORIENTED_EDGE('',*,*,#859,.T.);
#1124=ORIENTED_EDGE('',*,*,#861,.F.);
#1125=ORIENTED_EDGE('',*,*,#862,.F.);
#1126=ORIENTED_EDGE('',*,*,#863,.F.);
#1127=ORIENTED_EDGE('',*,*,#862,.T.);
#1128=ORIENTED_EDGE('',*,*,#864,.F.);
#1129=ORIENTED_EDGE('',*,*,#865,.F.);
#1130=ORIENTED_EDGE('',*,*,#866,.T.);
#1131=ORIENTED_EDGE('',*,*,#865,.T.);
#1132=ORIENTED_EDGE('',*,*,#867,.F.);
#1133=ORIENTED_EDGE('',*,*,#868,.F.);
#1134=ORIENTED_EDGE('',*,*,#869,.F.);
#1135=ORIENTED_EDGE('',*,*,#868,.T.);
#1136=ORIENTED_EDGE('',*,*,#870,.F.);
#1137=ORIENTED_EDGE('',*,*,#871,.F.);
#1138=ORIENTED_EDGE('',*,*,#872,.T.);
#1139=ORIENTED_EDGE('',*,*,#871,.T.);
#1140=ORIENTED_EDGE('',*,*,#873,.F.);
#1141=ORIENTED_EDGE('',*,*,#874,.F.);
#1142=ORIENTED_EDGE('',*,*,#875,.T.);
#1143=ORIENTED_EDGE('',*,*,#874,.T.);
#1144=ORIENTED_EDGE('',*,*,#876,.F.);
#1145=ORIENTED_EDGE('',*,*,#877,.F.);
#1146=ORIENTED_EDGE('',*,*,#878,.T.);
#1147=ORIENTED_EDGE('',*,*,#877,.T.);
#1148=ORIENTED_EDGE('',*,*,#879,.F.);
#1149=ORIENTED_EDGE('',*,*,#880,.F.);
#1150=ORIENTED_EDGE('',*,*,#881,.T.);
#1151=ORIENTED_EDGE('',*,*,#880,.T.);
#1152=ORIENTED_EDGE('',*,*,#882,.F.);
#1153=ORIENTED_EDGE('',*,*,#883,.F.);
#1154=ORIENTED_EDGE('',*,*,#884,.T.);
#1155=ORIENTED_EDGE('',*,*,#883,.T.);
#1156=ORIENTED_EDGE('',*,*,#885,.F.);
#1157=ORIENTED_EDGE('',*,*,#886,.F.);
#1158=ORIENTED_EDGE('',*,*,#887,.T.);
#1159=ORIENTED_EDGE('',*,*,#886,.T.);
#1160=ORIENTED_EDGE('',*,*,#888,.F.);
#1161=ORIENTED_EDGE('',*,*,#889,.F.);
#1162=ORIENTED_EDGE('',*,*,#890,.T.);
#1163=ORIENTED_EDGE('',*,*,#889,.T.);
#1164=ORIENTED_EDGE('',*,*,#891,.F.);
#1165=ORIENTED_EDGE('',*,*,#892,.F.);
#1166=ORIENTED_EDGE('',*,*,#893,.F.);
#1167=ORIENTED_EDGE('',*,*,#892,.T.);
#1168=ORIENTED_EDGE('',*,*,#894,.F.);
#1169=ORIENTED_EDGE('',*,*,#895,.F.);
#1170=ORIENTED_EDGE('',*,*,#896,.T.);
#1171=ORIENTED_EDGE('',*,*,#895,.T.);
#1172=ORIENTED_EDGE('',*,*,#897,.F.);
#1173=ORIENTED_EDGE('',*,*,#898,.F.);
#1174=ORIENTED_EDGE('',*,*,#899,.F.);
#1175=ORIENTED_EDGE('',*,*,#898,.T.);
#1176=ORIENTED_EDGE('',*,*,#900,.F.);
#1177=ORIENTED_EDGE('',*,*,#901,.F.);
#1178=ORIENTED_EDGE('',*,*,#902,.T.);
#1179=ORIENTED_EDGE('',*,*,#901,.T.);
#1180=ORIENTED_EDGE('',*,*,#903,.F.);
#1181=ORIENTED_EDGE('',*,*,#904,.F.);
#1182=ORIENTED_EDGE('',*,*,#905,.T.);
#1183=ORIENTED_EDGE('',*,*,#904,.T.);
#1184=ORIENTED_EDGE('',*,*,#906,.F.);
#1185=ORIENTED_EDGE('',*,*,#907,.F.);
#1186=ORIENTED_EDGE('',*,*,#908,.T.);
#1187=ORIENTED_EDGE('',*,*,#907,.T.);
#1188=ORIENTED_EDGE('',*,*,#909,.F.);
#1189=ORIENTED_EDGE('',*,*,#910,.F.);
#1190=ORIENTED_EDGE('',*,*,#911,.F.);
#1191=ORIENTED_EDGE('',*,*,#910,.T.);
#1192=ORIENTED_EDGE('',*,*,#912,.F.);
#1193=ORIENTED_EDGE('',*,*,#913,.F.);
#1194=ORIENTED_EDGE('',*,*,#914,.T.);
#1195=ORIENTED_EDGE('',*,*,#913,.T.);
#1196=ORIENTED_EDGE('',*,*,#915,.F.);
#1197=ORIENTED_EDGE('',*,*,#916,.F.);
#1198=ORIENTED_EDGE('',*,*,#917,.T.);
#1199=ORIENTED_EDGE('',*,*,#916,.T.);
#1200=ORIENTED_EDGE('',*,*,#918,.F.);
#1201=ORIENTED_EDGE('',*,*,#919,.F.);
#1202=ORIENTED_EDGE('',*,*,#920,.T.);
#1203=ORIENTED_EDGE('',*,*,#919,.T.);
#1204=ORIENTED_EDGE('',*,*,#921,.F.);
#1205=ORIENTED_EDGE('',*,*,#922,.F.);
#1206=ORIENTED_EDGE('',*,*,#923,.T.);
#1207=ORIENTED_EDGE('',*,*,#922,.T.);
#1208=ORIENTED_EDGE('',*,*,#924,.F.);
#1209=ORIENTED_EDGE('',*,*,#925,.F.);
#1210=ORIENTED_EDGE('',*,*,#926,.T.);
#1211=ORIENTED_EDGE('',*,*,#925,.T.);
#1212=ORIENTED_EDGE('',*,*,#927,.F.);
#1213=ORIENTED_EDGE('',*,*,#928,.F.);
#1214=ORIENTED_EDGE('',*,*,#929,.F.);
#1215=ORIENTED_EDGE('',*,*,#928,.T.);
#1216=ORIENTED_EDGE('',*,*,#930,.F.);
#1217=ORIENTED_EDGE('',*,*,#931,.F.);
#1218=ORIENTED_EDGE('',*,*,#932,.F.);
#1219=ORIENTED_EDGE('',*,*,#931,.T.);
#1220=ORIENTED_EDGE('',*,*,#933,.F.);
#1221=ORIENTED_EDGE('',*,*,#934,.F.);
#1222=ORIENTED_EDGE('',*,*,#935,.F.);
#1223=ORIENTED_EDGE('',*,*,#934,.T.);
#1224=ORIENTED_EDGE('',*,*,#936,.F.);
#1225=ORIENTED_EDGE('',*,*,#937,.F.);
#1226=ORIENTED_EDGE('',*,*,#938,.F.);
#1227=ORIENTED_EDGE('',*,*,#937,.T.);
#1228=ORIENTED_EDGE('',*,*,#939,.F.);
#1229=ORIENTED_EDGE('',*,*,#940,.F.);
#1230=ORIENTED_EDGE('',*,*,#941,.T.);
#1231=ORIENTED_EDGE('',*,*,#940,.T.);
#1232=ORIENTED_EDGE('',*,*,#942,.F.);
#1233=ORIENTED_EDGE('',*,*,#943,.F.);
#1234=ORIENTED_EDGE('',*,*,#944,.F.);
#1235=ORIENTED_EDGE('',*,*,#943,.T.);
#1236=ORIENTED_EDGE('',*,*,#945,.F.);
#1237=ORIENTED_EDGE('',*,*,#946,.F.);
#1238=ORIENTED_EDGE('',*,*,#947,.T.);
#1239=ORIENTED_EDGE('',*,*,#946,.T.);
#1240=ORIENTED_EDGE('',*,*,#948,.F.);
#1241=ORIENTED_EDGE('',*,*,#949,.F.);
#1242=ORIENTED_EDGE('',*,*,#950,.F.);
#1243=ORIENTED_EDGE('',*,*,#949,.T.);
#1244=ORIENTED_EDGE('',*,*,#951,.F.);
#1245=ORIENTED_EDGE('',*,*,#952,.F.);
#1246=ORIENTED_EDGE('',*,*,#953,.T.);
#1247=ORIENTED_EDGE('',*,*,#952,.T.);
#1248=ORIENTED_EDGE('',*,*,#954,.F.);
#1249=ORIENTED_EDGE('',*,*,#955,.F.);
#1250=ORIENTED_EDGE('',*,*,#956,.T.);
#1251=ORIENTED_EDGE('',*,*,#955,.T.);
#1252=ORIENTED_EDGE('',*,*,#957,.F.);
#1253=ORIENTED_EDGE('',*,*,#832,.F.);
#1254=ORIENTED_EDGE('',*,*,#957,.T.);
#1255=ORIENTED_EDGE('',*,*,#954,.T.);
#1256=ORIENTED_EDGE('',*,*,#951,.T.);
#1257=ORIENTED_EDGE('',*,*,#948,.T.);
#1258=ORIENTED_EDGE('',*,*,#945,.T.);
#1259=ORIENTED_EDGE('',*,*,#942,.T.);
#1260=ORIENTED_EDGE('',*,*,#939,.T.);
#1261=ORIENTED_EDGE('',*,*,#936,.T.);
#1262=ORIENTED_EDGE('',*,*,#933,.T.);
#1263=ORIENTED_EDGE('',*,*,#930,.T.);
#1264=ORIENTED_EDGE('',*,*,#927,.T.);
#1265=ORIENTED_EDGE('',*,*,#924,.T.);
#1266=ORIENTED_EDGE('',*,*,#921,.T.);
#1267=ORIENTED_EDGE('',*,*,#918,.T.);
#1268=ORIENTED_EDGE('',*,*,#915,.T.);
#1269=ORIENTED_EDGE('',*,*,#912,.T.);
#1270=ORIENTED_EDGE('',*,*,#909,.T.);
#1271=ORIENTED_EDGE('',*,*,#906,.T.);
#1272=ORIENTED_EDGE('',*,*,#903,.T.);
#1273=ORIENTED_EDGE('',*,*,#900,.T.);
#1274=ORIENTED_EDGE('',*,*,#897,.T.);
#1275=ORIENTED_EDGE('',*,*,#894,.T.);
#1276=ORIENTED_EDGE('',*,*,#891,.T.);
#1277=ORIENTED_EDGE('',*,*,#888,.T.);
#1278=ORIENTED_EDGE('',*,*,#885,.T.);
#1279=ORIENTED_EDGE('',*,*,#882,.T.);
#1280=ORIENTED_EDGE('',*,*,#879,.T.);
#1281=ORIENTED_EDGE('',*,*,#876,.T.);
#1282=ORIENTED_EDGE('',*,*,#873,.T.);
#1283=ORIENTED_EDGE('',*,*,#870,.T.);
#1284=ORIENTED_EDGE('',*,*,#867,.T.);
#1285=ORIENTED_EDGE('',*,*,#864,.T.);
#1286=ORIENTED_EDGE('',*,*,#861,.T.);
#1287=ORIENTED_EDGE('',*,*,#858,.T.);
#1288=ORIENTED_EDGE('',*,*,#855,.T.);
#1289=ORIENTED_EDGE('',*,*,#852,.T.);
#1290=ORIENTED_EDGE('',*,*,#849,.T.);
#1291=ORIENTED_EDGE('',*,*,#846,.T.);
#1292=ORIENTED_EDGE('',*,*,#843,.T.);
#1293=ORIENTED_EDGE('',*,*,#839,.T.);
#1294=ORIENTED_EDGE('',*,*,#837,.T.);
#1295=ORIENTED_EDGE('',*,*,#746,.T.);
#1296=ORIENTED_EDGE('',*,*,#749,.T.);
#1297=ORIENTED_EDGE('',*,*,#752,.T.);
#1298=ORIENTED_EDGE('',*,*,#836,.T.);
#1299=ORIENTED_EDGE('',*,*,#833,.T.);
#1300=ORIENTED_EDGE('',*,*,#828,.T.);
#1301=ORIENTED_EDGE('',*,*,#827,.T.);
#1302=ORIENTED_EDGE('',*,*,#824,.T.);
#1303=ORIENTED_EDGE('',*,*,#821,.T.);
#1304=ORIENTED_EDGE('',*,*,#818,.T.);
#1305=ORIENTED_EDGE('',*,*,#815,.T.);
#1306=ORIENTED_EDGE('',*,*,#812,.T.);
#1307=ORIENTED_EDGE('',*,*,#809,.T.);
#1308=ORIENTED_EDGE('',*,*,#806,.T.);
#1309=ORIENTED_EDGE('',*,*,#801,.T.);
#1310=ORIENTED_EDGE('',*,*,#800,.T.);
#1311=ORIENTED_EDGE('',*,*,#797,.T.);
#1312=ORIENTED_EDGE('',*,*,#794,.T.);
#1313=ORIENTED_EDGE('',*,*,#791,.T.);
#1314=ORIENTED_EDGE('',*,*,#788,.T.);
#1315=ORIENTED_EDGE('',*,*,#785,.T.);
#1316=ORIENTED_EDGE('',*,*,#782,.T.);
#1317=ORIENTED_EDGE('',*,*,#779,.T.);
#1318=ORIENTED_EDGE('',*,*,#776,.T.);
#1319=ORIENTED_EDGE('',*,*,#773,.T.);
#1320=ORIENTED_EDGE('',*,*,#770,.T.);
#1321=ORIENTED_EDGE('',*,*,#767,.T.);
#1322=ORIENTED_EDGE('',*,*,#764,.T.);
#1323=ORIENTED_EDGE('',*,*,#761,.T.);
#1324=ORIENTED_EDGE('',*,*,#758,.T.);
#1325=ORIENTED_EDGE('',*,*,#755,.T.);
#1326=ORIENTED_EDGE('',*,*,#740,.F.);
#1327=ORIENTED_EDGE('',*,*,#841,.T.);
#1328=ORIENTED_EDGE('',*,*,#842,.T.);
#1329=ORIENTED_EDGE('',*,*,#845,.T.);
#1330=ORIENTED_EDGE('',*,*,#848,.T.);
#1331=ORIENTED_EDGE('',*,*,#851,.F.);
#1332=ORIENTED_EDGE('',*,*,#854,.F.);
#1333=ORIENTED_EDGE('',*,*,#857,.F.);
#1334=ORIENTED_EDGE('',*,*,#860,.F.);
#1335=ORIENTED_EDGE('',*,*,#863,.T.);
#1336=ORIENTED_EDGE('',*,*,#866,.F.);
#1337=ORIENTED_EDGE('',*,*,#869,.T.);
#1338=ORIENTED_EDGE('',*,*,#872,.F.);
#1339=ORIENTED_EDGE('',*,*,#875,.F.);
#1340=ORIENTED_EDGE('',*,*,#878,.F.);
#1341=ORIENTED_EDGE('',*,*,#881,.F.);
#1342=ORIENTED_EDGE('',*,*,#884,.F.);
#1343=ORIENTED_EDGE('',*,*,#887,.F.);
#1344=ORIENTED_EDGE('',*,*,#890,.F.);
#1345=ORIENTED_EDGE('',*,*,#893,.T.);
#1346=ORIENTED_EDGE('',*,*,#896,.F.);
#1347=ORIENTED_EDGE('',*,*,#899,.T.);
#1348=ORIENTED_EDGE('',*,*,#902,.F.);
#1349=ORIENTED_EDGE('',*,*,#905,.F.);
#1350=ORIENTED_EDGE('',*,*,#908,.F.);
#1351=ORIENTED_EDGE('',*,*,#911,.T.);
#1352=ORIENTED_EDGE('',*,*,#914,.F.);
#1353=ORIENTED_EDGE('',*,*,#917,.F.);
#1354=ORIENTED_EDGE('',*,*,#920,.F.);
#1355=ORIENTED_EDGE('',*,*,#923,.F.);
#1356=ORIENTED_EDGE('',*,*,#926,.F.);
#1357=ORIENTED_EDGE('',*,*,#929,.T.);
#1358=ORIENTED_EDGE('',*,*,#932,.T.);
#1359=ORIENTED_EDGE('',*,*,#935,.T.);
#1360=ORIENTED_EDGE('',*,*,#938,.T.);
#1361=ORIENTED_EDGE('',*,*,#941,.F.);
#1362=ORIENTED_EDGE('',*,*,#944,.T.);
#1363=ORIENTED_EDGE('',*,*,#947,.F.);
#1364=ORIENTED_EDGE('',*,*,#950,.T.);
#1365=ORIENTED_EDGE('',*,*,#953,.F.);
#1366=ORIENTED_EDGE('',*,*,#956,.F.);
#1367=ORIENTED_EDGE('',*,*,#831,.T.);
#1368=ORIENTED_EDGE('',*,*,#835,.T.);
#1369=ORIENTED_EDGE('',*,*,#750,.T.);
#1370=ORIENTED_EDGE('',*,*,#830,.F.);
#1371=ORIENTED_EDGE('',*,*,#826,.F.);
#1372=ORIENTED_EDGE('',*,*,#816,.F.);
#1373=ORIENTED_EDGE('',*,*,#820,.F.);
#1374=ORIENTED_EDGE('',*,*,#823,.F.);
#1375=ORIENTED_EDGE('',*,*,#814,.F.);
#1376=ORIENTED_EDGE('',*,*,#804,.F.);
#1377=ORIENTED_EDGE('',*,*,#808,.F.);
#1378=ORIENTED_EDGE('',*,*,#811,.F.);
#1379=ORIENTED_EDGE('',*,*,#803,.F.);
#1380=ORIENTED_EDGE('',*,*,#799,.F.);
#1381=ORIENTED_EDGE('',*,*,#789,.F.);
#1382=ORIENTED_EDGE('',*,*,#793,.F.);
#1383=ORIENTED_EDGE('',*,*,#796,.F.);
#1384=ORIENTED_EDGE('',*,*,#787,.F.);
#1385=ORIENTED_EDGE('',*,*,#771,.F.);
#1386=ORIENTED_EDGE('',*,*,#775,.F.);
#1387=ORIENTED_EDGE('',*,*,#778,.F.);
#1388=ORIENTED_EDGE('',*,*,#781,.F.);
#1389=ORIENTED_EDGE('',*,*,#784,.F.);
#1390=ORIENTED_EDGE('',*,*,#769,.F.);
#1391=ORIENTED_EDGE('',*,*,#753,.F.);
#1392=ORIENTED_EDGE('',*,*,#757,.F.);
#1393=ORIENTED_EDGE('',*,*,#760,.F.);
#1394=ORIENTED_EDGE('',*,*,#763,.F.);
#1395=ORIENTED_EDGE('',*,*,#766,.F.);
#1396=PLANE('',#1524);
#1397=PLANE('',#1527);
#1398=PLANE('',#1528);
#1399=PLANE('',#1532);
#1400=PLANE('',#1536);
#1401=PLANE('',#1540);
#1402=PLANE('',#1544);
#1403=PLANE('',#1548);
#1404=PLANE('',#1552);
#1405=PLANE('',#1556);
#1406=PLANE('',#1560);
#1407=PLANE('',#1567);
#1408=PLANE('',#1571);
#1409=PLANE('',#1578);
#1410=PLANE('',#1582);
#1411=PLANE('',#1589);
#1412=PLANE('',#1590);
#1413=PLANE('',#1594);
#1414=PLANE('',#1598);
#1415=PLANE('',#1602);
#1416=PLANE('',#1606);
#1417=PLANE('',#1610);
#1418=PLANE('',#1614);
#1419=PLANE('',#1618);
#1420=PLANE('',#1622);
#1421=PLANE('',#1626);
#1422=PLANE('',#1630);
#1423=PLANE('',#1634);
#1424=PLANE('',#1638);
#1425=PLANE('',#1642);
#1426=PLANE('',#1646);
#1427=PLANE('',#1650);
#1428=PLANE('',#1654);
#1429=PLANE('',#1658);
#1430=PLANE('',#1662);
#1431=PLANE('',#1666);
#1432=PLANE('',#1670);
#1433=PLANE('',#1671);
#1434=PLANE('',#1672);
#1435=ADVANCED_FACE('',(#137),#1396,.T.);
#1436=ADVANCED_FACE('',(#138),#1397,.T.);
#1437=ADVANCED_FACE('',(#139),#1398,.T.);
#1438=ADVANCED_FACE('',(#140),#101,.F.);
#1439=ADVANCED_FACE('',(#141),#1399,.T.);
#1440=ADVANCED_FACE('',(#142),#102,.F.);
#1441=ADVANCED_FACE('',(#143),#1400,.T.);
#1442=ADVANCED_FACE('',(#144),#103,.F.);
#1443=ADVANCED_FACE('',(#145),#1401,.T.);
#1444=ADVANCED_FACE('',(#146),#104,.F.);
#1445=ADVANCED_FACE('',(#147),#1402,.T.);
#1446=ADVANCED_FACE('',(#148),#105,.F.);
#1447=ADVANCED_FACE('',(#149),#1403,.T.);
#1448=ADVANCED_FACE('',(#150),#106,.F.);
#1449=ADVANCED_FACE('',(#151),#1404,.T.);
#1450=ADVANCED_FACE('',(#152),#107,.F.);
#1451=ADVANCED_FACE('',(#153),#1405,.T.);
#1452=ADVANCED_FACE('',(#154),#108,.F.);
#1453=ADVANCED_FACE('',(#155),#1406,.T.);
#1454=ADVANCED_FACE('',(#156),#109,.F.);
#1455=ADVANCED_FACE('',(#157),#110,.F.);
#1456=ADVANCED_FACE('',(#158),#1407,.T.);
#1457=ADVANCED_FACE('',(#159),#111,.F.);
#1458=ADVANCED_FACE('',(#160),#1408,.T.);
#1459=ADVANCED_FACE('',(#161),#112,.F.);
#1460=ADVANCED_FACE('',(#162),#113,.F.);
#1461=ADVANCED_FACE('',(#163),#1409,.T.);
#1462=ADVANCED_FACE('',(#164),#114,.F.);
#1463=ADVANCED_FACE('',(#165),#1410,.T.);
#1464=ADVANCED_FACE('',(#166),#115,.F.);
#1465=ADVANCED_FACE('',(#167),#116,.F.);
#1466=ADVANCED_FACE('',(#168),#1411,.T.);
#1467=ADVANCED_FACE('',(#169),#1412,.T.);
#1468=ADVANCED_FACE('',(#170),#117,.F.);
#1469=ADVANCED_FACE('',(#171),#1413,.T.);
#1470=ADVANCED_FACE('',(#172),#118,.F.);
#1471=ADVANCED_FACE('',(#173),#1414,.T.);
#1472=ADVANCED_FACE('',(#174),#119,.T.);
#1473=ADVANCED_FACE('',(#175),#1415,.T.);
#1474=ADVANCED_FACE('',(#176),#120,.T.);
#1475=ADVANCED_FACE('',(#177),#1416,.T.);
#1476=ADVANCED_FACE('',(#178),#121,.F.);
#1477=ADVANCED_FACE('',(#179),#1417,.T.);
#1478=ADVANCED_FACE('',(#180),#122,.F.);
#1479=ADVANCED_FACE('',(#181),#1418,.T.);
#1480=ADVANCED_FACE('',(#182),#123,.T.);
#1481=ADVANCED_FACE('',(#183),#1419,.T.);
#1482=ADVANCED_FACE('',(#184),#124,.T.);
#1483=ADVANCED_FACE('',(#185),#1420,.T.);
#1484=ADVANCED_FACE('',(#186),#125,.T.);
#1485=ADVANCED_FACE('',(#187),#1421,.T.);
#1486=ADVANCED_FACE('',(#188),#126,.F.);
#1487=ADVANCED_FACE('',(#189),#1422,.T.);
#1488=ADVANCED_FACE('',(#190),#127,.F.);
#1489=ADVANCED_FACE('',(#191),#1423,.T.);
#1490=ADVANCED_FACE('',(#192),#128,.T.);
#1491=ADVANCED_FACE('',(#193),#1424,.T.);
#1492=ADVANCED_FACE('',(#194),#129,.F.);
#1493=ADVANCED_FACE('',(#195),#1425,.T.);
#1494=ADVANCED_FACE('',(#196),#130,.T.);
#1495=ADVANCED_FACE('',(#197),#1426,.T.);
#1496=ADVANCED_FACE('',(#198),#131,.T.);
#1497=ADVANCED_FACE('',(#199),#1427,.T.);
#1498=ADVANCED_FACE('',(#200),#132,.F.);
#1499=ADVANCED_FACE('',(#201),#1428,.T.);
#1500=ADVANCED_FACE('',(#202),#133,.F.);
#1501=ADVANCED_FACE('',(#203),#1429,.T.);
#1502=ADVANCED_FACE('',(#204),#134,.T.);
#1503=ADVANCED_FACE('',(#205),#1430,.T.);
#1504=ADVANCED_FACE('',(#206),#135,.T.);
#1505=ADVANCED_FACE('',(#207),#1431,.T.);
#1506=ADVANCED_FACE('',(#208),#136,.T.);
#1507=ADVANCED_FACE('',(#209),#1432,.T.);
#1508=ADVANCED_FACE('',(#210,#15,#16,#17,#18,#19,#20,#21),#1433,.T.);
#1509=ADVANCED_FACE('',(#211,#22,#23,#24,#25,#26,#27,#28),#1434,.F.);
#1510=CLOSED_SHELL('',(#1435,#1436,#1437,#1438,#1439,#1440,#1441,#1442,
#1443,#1444,#1445,#1446,#1447,#1448,#1449,#1450,#1451,#1452,#1453,#1454,
#1455,#1456,#1457,#1458,#1459,#1460,#1461,#1462,#1463,#1464,#1465,#1466,
#1467,#1468,#1469,#1470,#1471,#1472,#1473,#1474,#1475,#1476,#1477,#1478,
#1479,#1480,#1481,#1482,#1483,#1484,#1485,#1486,#1487,#1488,#1489,#1490,
#1491,#1492,#1493,#1494,#1495,#1496,#1497,#1498,#1499,#1500,#1501,#1502,
#1503,#1504,#1505,#1506,#1507,#1508,#1509));
#1511=DERIVED_UNIT_ELEMENT(#1513,1.);
#1512=DERIVED_UNIT_ELEMENT(#2564,-3.);
#1513=(
MASS_UNIT()
NAMED_UNIT(*)
SI_UNIT(.KILO.,.GRAM.)
);
#1514=DERIVED_UNIT((#1511,#1512));
#1515=MEASURE_REPRESENTATION_ITEM('density measure',
POSITIVE_RATIO_MEASURE(7850.),#1514);
#1516=PROPERTY_DEFINITION_REPRESENTATION(#1521,#1518);
#1517=PROPERTY_DEFINITION_REPRESENTATION(#1522,#1519);
#1518=REPRESENTATION('material name',(#1520),#2561);
#1519=REPRESENTATION('density',(#1515),#2561);
#1520=DESCRIPTIVE_REPRESENTATION_ITEM('Acier','Acier');
#1521=PROPERTY_DEFINITION('material property','material name',#2571);
#1522=PROPERTY_DEFINITION('material property','density of part',#2571);
#1523=AXIS2_PLACEMENT_3D('',#2118,#1673,#1674);
#1524=AXIS2_PLACEMENT_3D('',#2119,#1675,#1676);
#1525=AXIS2_PLACEMENT_3D('',#2122,#1677,#1678);
#1526=AXIS2_PLACEMENT_3D('',#2126,#1680,#1681);
#1527=AXIS2_PLACEMENT_3D('',#2132,#1685,#1686);
#1528=AXIS2_PLACEMENT_3D('',#2138,#1690,#1691);
#1529=AXIS2_PLACEMENT_3D('',#2142,#1694,#1695);
#1530=AXIS2_PLACEMENT_3D('',#2144,#1696,#1697);
#1531=AXIS2_PLACEMENT_3D('',#2147,#1699,#1700);
#1532=AXIS2_PLACEMENT_3D('',#2148,#1701,#1702);
#1533=AXIS2_PLACEMENT_3D('',#2157,#1707,#1708);
#1534=AXIS2_PLACEMENT_3D('',#2159,#1709,#1710);
#1535=AXIS2_PLACEMENT_3D('',#2161,#1711,#1712);
#1536=AXIS2_PLACEMENT_3D('',#2163,#1714,#1715);
#1537=AXIS2_PLACEMENT_3D('',#2169,#1719,#1720);
#1538=AXIS2_PLACEMENT_3D('',#2171,#1721,#1722);
#1539=AXIS2_PLACEMENT_3D('',#2173,#1723,#1724);
#1540=AXIS2_PLACEMENT_3D('',#2175,#1726,#1727);
#1541=AXIS2_PLACEMENT_3D('',#2181,#1731,#1732);
#1542=AXIS2_PLACEMENT_3D('',#2182,#1733,#1734);
#1543=AXIS2_PLACEMENT_3D('',#2183,#1735,#1736);
#1544=AXIS2_PLACEMENT_3D('',#2184,#1737,#1738);
#1545=AXIS2_PLACEMENT_3D('',#2193,#1743,#1744);
#1546=AXIS2_PLACEMENT_3D('',#2195,#1745,#1746);
#1547=AXIS2_PLACEMENT_3D('',#2197,#1747,#1748);
#1548=AXIS2_PLACEMENT_3D('',#2199,#1750,#1751);
#1549=AXIS2_PLACEMENT_3D('',#2205,#1755,#1756);
#1550=AXIS2_PLACEMENT_3D('',#2207,#1757,#1758);
#1551=AXIS2_PLACEMENT_3D('',#2209,#1759,#1760);
#1552=AXIS2_PLACEMENT_3D('',#2211,#1762,#1763);
#1553=AXIS2_PLACEMENT_3D('',#2217,#1767,#1768);
#1554=AXIS2_PLACEMENT_3D('',#2218,#1769,#1770);
#1555=AXIS2_PLACEMENT_3D('',#2219,#1771,#1772);
#1556=AXIS2_PLACEMENT_3D('',#2220,#1773,#1774);
#1557=AXIS2_PLACEMENT_3D('',#2229,#1779,#1780);
#1558=AXIS2_PLACEMENT_3D('',#2231,#1781,#1782);
#1559=AXIS2_PLACEMENT_3D('',#2233,#1783,#1784);
#1560=AXIS2_PLACEMENT_3D('',#2235,#1786,#1787);
#1561=AXIS2_PLACEMENT_3D('',#2241,#1791,#1792);
#1562=AXIS2_PLACEMENT_3D('',#2242,#1793,#1794);
#1563=AXIS2_PLACEMENT_3D('',#2243,#1795,#1796);
#1564=AXIS2_PLACEMENT_3D('',#2244,#1797,#1798);
#1565=AXIS2_PLACEMENT_3D('',#2246,#1799,#1800);
#1566=AXIS2_PLACEMENT_3D('',#2249,#1802,#1803);
#1567=AXIS2_PLACEMENT_3D('',#2250,#1804,#1805);
#1568=AXIS2_PLACEMENT_3D('',#2259,#1810,#1811);
#1569=AXIS2_PLACEMENT_3D('',#2261,#1812,#1813);
#1570=AXIS2_PLACEMENT_3D('',#2263,#1814,#1815);
#1571=AXIS2_PLACEMENT_3D('',#2265,#1817,#1818);
#1572=AXIS2_PLACEMENT_3D('',#2271,#1822,#1823);
#1573=AXIS2_PLACEMENT_3D('',#2272,#1824,#1825);
#1574=AXIS2_PLACEMENT_3D('',#2273,#1826,#1827);
#1575=AXIS2_PLACEMENT_3D('',#2274,#1828,#1829);
#1576=AXIS2_PLACEMENT_3D('',#2277,#1830,#1831);
#1577=AXIS2_PLACEMENT_3D('',#2281,#1833,#1834);
#1578=AXIS2_PLACEMENT_3D('',#2283,#1836,#1837);
#1579=AXIS2_PLACEMENT_3D('',#2289,#1841,#1842);
#1580=AXIS2_PLACEMENT_3D('',#2291,#1843,#1844);
#1581=AXIS2_PLACEMENT_3D('',#2293,#1845,#1846);
#1582=AXIS2_PLACEMENT_3D('',#2295,#1848,#1849);
#1583=AXIS2_PLACEMENT_3D('',#2298,#1852,#1853);
#1584=AXIS2_PLACEMENT_3D('',#2300,#1854,#1855);
#1585=AXIS2_PLACEMENT_3D('',#2303,#1857,#1858);
#1586=AXIS2_PLACEMENT_3D('',#2304,#1859,#1860);
#1587=AXIS2_PLACEMENT_3D('',#2307,#1861,#1862);
#1588=AXIS2_PLACEMENT_3D('',#2311,#1864,#1865);
#1589=AXIS2_PLACEMENT_3D('',#2313,#1867,#1868);
#1590=AXIS2_PLACEMENT_3D('',#2316,#1871,#1872);
#1591=AXIS2_PLACEMENT_3D('',#2320,#1875,#1876);
#1592=AXIS2_PLACEMENT_3D('',#2322,#1877,#1878);
#1593=AXIS2_PLACEMENT_3D('',#2325,#1880,#1881);
#1594=AXIS2_PLACEMENT_3D('',#2326,#1882,#1883);
#1595=AXIS2_PLACEMENT_3D('',#2332,#1887,#1888);
#1596=AXIS2_PLACEMENT_3D('',#2334,#1889,#1890);
#1597=AXIS2_PLACEMENT_3D('',#2336,#1891,#1892);
#1598=AXIS2_PLACEMENT_3D('',#2338,#1894,#1895);
#1599=AXIS2_PLACEMENT_3D('',#2344,#1899,#1900);
#1600=AXIS2_PLACEMENT_3D('',#2346,#1901,#1902);
#1601=AXIS2_PLACEMENT_3D('',#2348,#1903,#1904);
#1602=AXIS2_PLACEMENT_3D('',#2350,#1906,#1907);
#1603=AXIS2_PLACEMENT_3D('',#2356,#1911,#1912);
#1604=AXIS2_PLACEMENT_3D('',#2358,#1913,#1914);
#1605=AXIS2_PLACEMENT_3D('',#2360,#1915,#1916);
#1606=AXIS2_PLACEMENT_3D('',#2362,#1918,#1919);
#1607=AXIS2_PLACEMENT_3D('',#2368,#1923,#1924);
#1608=AXIS2_PLACEMENT_3D('',#2370,#1925,#1926);
#1609=AXIS2_PLACEMENT_3D('',#2372,#1927,#1928);
#1610=AXIS2_PLACEMENT_3D('',#2374,#1930,#1931);
#1611=AXIS2_PLACEMENT_3D('',#2380,#1935,#1936);
#1612=AXIS2_PLACEMENT_3D('',#2382,#1937,#1938);
#1613=AXIS2_PLACEMENT_3D('',#2384,#1939,#1940);
#1614=AXIS2_PLACEMENT_3D('',#2386,#1942,#1943);
#1615=AXIS2_PLACEMENT_3D('',#2392,#1947,#1948);
#1616=AXIS2_PLACEMENT_3D('',#2394,#1949,#1950);
#1617=AXIS2_PLACEMENT_3D('',#2396,#1951,#1952);
#1618=AXIS2_PLACEMENT_3D('',#2398,#1954,#1955);
#1619=AXIS2_PLACEMENT_3D('',#2404,#1959,#1960);
#1620=AXIS2_PLACEMENT_3D('',#2406,#1961,#1962);
#1621=AXIS2_PLACEMENT_3D('',#2408,#1963,#1964);
#1622=AXIS2_PLACEMENT_3D('',#2410,#1966,#1967);
#1623=AXIS2_PLACEMENT_3D('',#2416,#1971,#1972);
#1624=AXIS2_PLACEMENT_3D('',#2418,#1973,#1974);
#1625=AXIS2_PLACEMENT_3D('',#2420,#1975,#1976);
#1626=AXIS2_PLACEMENT_3D('',#2422,#1978,#1979);
#1627=AXIS2_PLACEMENT_3D('',#2428,#1983,#1984);
#1628=AXIS2_PLACEMENT_3D('',#2430,#1985,#1986);
#1629=AXIS2_PLACEMENT_3D('',#2432,#1987,#1988);
#1630=AXIS2_PLACEMENT_3D('',#2434,#1990,#1991);
#1631=AXIS2_PLACEMENT_3D('',#2440,#1995,#1996);
#1632=AXIS2_PLACEMENT_3D('',#2442,#1997,#1998);
#1633=AXIS2_PLACEMENT_3D('',#2444,#1999,#2000);
#1634=AXIS2_PLACEMENT_3D('',#2446,#2002,#2003);
#1635=AXIS2_PLACEMENT_3D('',#2452,#2007,#2008);
#1636=AXIS2_PLACEMENT_3D('',#2454,#2009,#2010);
#1637=AXIS2_PLACEMENT_3D('',#2456,#2011,#2012);
#1638=AXIS2_PLACEMENT_3D('',#2458,#2014,#2015);
#1639=AXIS2_PLACEMENT_3D('',#2464,#2019,#2020);
#1640=AXIS2_PLACEMENT_3D('',#2466,#2021,#2022);
#1641=AXIS2_PLACEMENT_3D('',#2468,#2023,#2024);
#1642=AXIS2_PLACEMENT_3D('',#2470,#2026,#2027);
#1643=AXIS2_PLACEMENT_3D('',#2476,#2031,#2032);
#1644=AXIS2_PLACEMENT_3D('',#2478,#2033,#2034);
#1645=AXIS2_PLACEMENT_3D('',#2480,#2035,#2036);
#1646=AXIS2_PLACEMENT_3D('',#2482,#2038,#2039);
#1647=AXIS2_PLACEMENT_3D('',#2488,#2043,#2044);
#1648=AXIS2_PLACEMENT_3D('',#2490,#2045,#2046);
#1649=AXIS2_PLACEMENT_3D('',#2492,#2047,#2048);
#1650=AXIS2_PLACEMENT_3D('',#2494,#2050,#2051);
#1651=AXIS2_PLACEMENT_3D('',#2500,#2055,#2056);
#1652=AXIS2_PLACEMENT_3D('',#2502,#2057,#2058);
#1653=AXIS2_PLACEMENT_3D('',#2504,#2059,#2060);
#1654=AXIS2_PLACEMENT_3D('',#2506,#2062,#2063);
#1655=AXIS2_PLACEMENT_3D('',#2512,#2067,#2068);
#1656=AXIS2_PLACEMENT_3D('',#2514,#2069,#2070);
#1657=AXIS2_PLACEMENT_3D('',#2516,#2071,#2072);
#1658=AXIS2_PLACEMENT_3D('',#2518,#2074,#2075);
#1659=AXIS2_PLACEMENT_3D('',#2524,#2079,#2080);
#1660=AXIS2_PLACEMENT_3D('',#2526,#2081,#2082);
#1661=AXIS2_PLACEMENT_3D('',#2528,#2083,#2084);
#1662=AXIS2_PLACEMENT_3D('',#2530,#2086,#2087);
#1663=AXIS2_PLACEMENT_3D('',#2536,#2091,#2092);
#1664=AXIS2_PLACEMENT_3D('',#2538,#2093,#2094);
#1665=AXIS2_PLACEMENT_3D('',#2540,#2095,#2096);
#1666=AXIS2_PLACEMENT_3D('',#2542,#2098,#2099);
#1667=AXIS2_PLACEMENT_3D('',#2548,#2103,#2104);
#1668=AXIS2_PLACEMENT_3D('',#2550,#2105,#2106);
#1669=AXIS2_PLACEMENT_3D('',#2552,#2107,#2108);
#1670=AXIS2_PLACEMENT_3D('',#2554,#2110,#2111);
#1671=AXIS2_PLACEMENT_3D('',#2557,#2114,#2115);
#1672=AXIS2_PLACEMENT_3D('',#2558,#2116,#2117);
#1673=DIRECTION('axis',(0.,0.,1.));
#1674=DIRECTION('refdir',(1.,0.,0.));
#1675=DIRECTION('center_axis',(-0.640856382200865,0.298836238419013,-0.707106781186543));
#1676=DIRECTION('ref_axis',(-0.740965645197642,0.,0.671542934321285));
#1677=DIRECTION('center_axis',(0.640856382200865,-0.298836238419013,0.707106781186543));
#1678=DIRECTION('ref_axis',(0.640856382200857,-0.298836238419009,-0.707106781186552));
#1679=DIRECTION('',(-0.422618261300725,-0.906307787241813,0.));
#1680=DIRECTION('center_axis',(0.640856382200865,-0.298836238419013,0.707106781186543));
#1681=DIRECTION('ref_axis',(0.640856382200876,-0.298836238418969,-0.707106781186552));
#1682=DIRECTION('',(-0.279258277679014,0.767255812118857,0.577350269002781));
#1683=DIRECTION('',(0.422618261300725,0.906307787241813,0.));
#1684=DIRECTION('',(0.767255811870549,0.279258277588619,-0.577350269376487));
#1685=DIRECTION('center_axis',(-0.906307787241813,0.422618261300725,0.));
#1686=DIRECTION('ref_axis',(-0.422618261300725,-0.906307787241813,0.));
#1687=DIRECTION('',(0.,0.,1.));
#1688=DIRECTION('',(-0.422618261300725,-0.906307787241813,0.));
#1689=DIRECTION('',(0.,0.,1.));
#1690=DIRECTION('center_axis',(-0.939692620785905,-0.342020143325678,0.));
#1691=DIRECTION('ref_axis',(0.342020143325678,-0.939692620785905,0.));
#1692=DIRECTION('',(0.,0.,1.));
#1693=DIRECTION('',(0.342020143325678,-0.939692620785905,0.));
#1694=DIRECTION('center_axis',(0.,0.,1.));
#1695=DIRECTION('ref_axis',(0.90630778724184,-0.422618261300668,0.));
#1696=DIRECTION('center_axis',(0.,0.,1.));
#1697=DIRECTION('ref_axis',(0.90630778724184,-0.422618261300668,0.));
#1698=DIRECTION('',(0.,0.,1.));
#1699=DIRECTION('center_axis',(0.,0.,-1.));
#1700=DIRECTION('ref_axis',(0.90630778724184,-0.422618261300668,0.));
#1701=DIRECTION('center_axis',(-0.422618261740727,-0.906307787036637,0.));
#1702=DIRECTION('ref_axis',(0.906307787036637,-0.422618261740727,0.));
#1703=DIRECTION('',(0.906307787036637,-0.422618261740727,0.));
#1704=DIRECTION('',(0.,0.,1.));
#1705=DIRECTION('',(0.906307787036637,-0.422618261740727,0.));
#1706=DIRECTION('',(0.,0.,1.));
#1707=DIRECTION('center_axis',(0.,0.,1.));
#1708=DIRECTION('ref_axis',(0.422618261740832,0.906307787036588,0.));
#1709=DIRECTION('center_axis',(0.,0.,-1.));
#1710=DIRECTION('ref_axis',(0.422618261740832,0.906307787036588,0.));
#1711=DIRECTION('center_axis',(0.,0.,-1.));
#1712=DIRECTION('ref_axis',(0.422618261740832,0.906307787036588,0.));
#1713=DIRECTION('',(0.,0.,1.));
#1714=DIRECTION('center_axis',(0.867765453368928,0.496973961027557,0.));
#1715=DIRECTION('ref_axis',(-0.496973961027557,0.867765453368927,0.));
#1716=DIRECTION('',(-0.496973961027557,0.867765453368927,0.));
#1717=DIRECTION('',(-0.496973961027557,0.867765453368927,0.));
#1718=DIRECTION('',(0.,0.,1.));
#1719=DIRECTION('center_axis',(0.,0.,1.));
#1720=DIRECTION('ref_axis',(-0.867765453368927,-0.496973961027558,0.));
#1721=DIRECTION('center_axis',(0.,0.,-1.));
#1722=DIRECTION('ref_axis',(-0.867765453368927,-0.496973961027558,0.));
#1723=DIRECTION('center_axis',(0.,0.,-1.));
#1724=DIRECTION('ref_axis',(-0.867765453368927,-0.496973961027558,0.));
#1725=DIRECTION('',(0.,0.,1.));
#1726=DIRECTION('center_axis',(-0.906307787036637,0.422618261740727,0.));
#1727=DIRECTION('ref_axis',(-0.422618261740727,-0.906307787036637,0.));
#1728=DIRECTION('',(-0.422618261740727,-0.906307787036637,0.));
#1729=DIRECTION('',(-0.422618261740727,-0.906307787036637,0.));
#1730=DIRECTION('',(0.,0.,1.));
#1731=DIRECTION('center_axis',(0.,0.,1.));
#1732=DIRECTION('ref_axis',(0.906307787036621,-0.422618261740761,0.));
#1733=DIRECTION('center_axis',(0.,0.,-1.));
#1734=DIRECTION('ref_axis',(0.906307787036621,-0.422618261740761,0.));
#1735=DIRECTION('center_axis',(0.,0.,-1.));
#1736=DIRECTION('ref_axis',(0.906307787036621,-0.422618261740761,0.));
#1737=DIRECTION('center_axis',(0.422618261740702,0.906307787036649,0.));
#1738=DIRECTION('ref_axis',(-0.906307787036649,0.422618261740702,0.));
#1739=DIRECTION('',(-0.906307787036649,0.422618261740702,0.));
#1740=DIRECTION('',(0.,0.,1.));
#1741=DIRECTION('',(-0.906307787036649,0.422618261740702,0.));
#1742=DIRECTION('',(0.,0.,1.));
#1743=DIRECTION('center_axis',(0.,0.,1.));
#1744=DIRECTION('ref_axis',(-0.422618261740807,-0.9063077870366,0.));
#1745=DIRECTION('center_axis',(0.,0.,-1.));
#1746=DIRECTION('ref_axis',(-0.422618261740807,-0.9063077870366,0.));
#1747=DIRECTION('center_axis',(0.,0.,-1.));
#1748=DIRECTION('ref_axis',(-0.422618261740807,-0.9063077870366,0.));
#1749=DIRECTION('',(0.,0.,1.));
#1750=DIRECTION('center_axis',(-0.906307787036635,0.422618261740731,0.));
#1751=DIRECTION('ref_axis',(-0.422618261740731,-0.906307787036635,0.));
#1752=DIRECTION('',(-0.422618261740731,-0.906307787036635,0.));
#1753=DIRECTION('',(-0.422618261740731,-0.906307787036635,0.));
#1754=DIRECTION('',(0.,0.,1.));
#1755=DIRECTION('center_axis',(0.,0.,1.));
#1756=DIRECTION('ref_axis',(0.90630778703663,-0.422618261740742,0.));
#1757=DIRECTION('center_axis',(0.,0.,-1.));
#1758=DIRECTION('ref_axis',(0.90630778703663,-0.422618261740742,0.));
#1759=DIRECTION('center_axis',(0.,0.,-1.));
#1760=DIRECTION('ref_axis',(0.90630778703663,-0.422618261740742,0.));
#1761=DIRECTION('',(0.,0.,1.));
#1762=DIRECTION('center_axis',(0.177084740319592,-0.98419560796924,0.));
#1763=DIRECTION('ref_axis',(0.98419560796924,0.177084740319592,0.));
#1764=DIRECTION('',(0.98419560796924,0.177084740319592,0.));
#1765=DIRECTION('',(0.98419560796924,0.177084740319592,0.));
#1766=DIRECTION('',(0.,0.,1.));
#1767=DIRECTION('center_axis',(0.,0.,1.));
#1768=DIRECTION('ref_axis',(-0.17708474031969,0.984195607969223,0.));
#1769=DIRECTION('center_axis',(0.,0.,-1.));
#1770=DIRECTION('ref_axis',(-0.17708474031969,0.984195607969223,0.));
#1771=DIRECTION('center_axis',(0.,0.,-1.));
#1772=DIRECTION('ref_axis',(-0.17708474031969,0.984195607969223,0.));
#1773=DIRECTION('center_axis',(0.422618261598156,0.906307787103119,0.));
#1774=DIRECTION('ref_axis',(-0.906307787103119,0.422618261598156,0.));
#1775=DIRECTION('',(-0.906307787103119,0.422618261598156,0.));
#1776=DIRECTION('',(0.,0.,1.));
#1777=DIRECTION('',(-0.906307787103119,0.422618261598156,0.));
#1778=DIRECTION('',(0.,0.,1.));
#1779=DIRECTION('center_axis',(0.,0.,1.));
#1780=DIRECTION('ref_axis',(-0.422618261596937,-0.906307787103687,0.));
#1781=DIRECTION('center_axis',(0.,0.,-1.));
#1782=DIRECTION('ref_axis',(-0.422618261596937,-0.906307787103687,0.));
#1783=DIRECTION('center_axis',(0.,0.,-1.));
#1784=DIRECTION('ref_axis',(-0.422618261596937,-0.906307787103687,0.));
#1785=DIRECTION('',(0.,0.,1.));
#1786=DIRECTION('center_axis',(-0.422618261598158,-0.906307787103118,0.));
#1787=DIRECTION('ref_axis',(0.906307787103118,-0.422618261598158,0.));
#1788=DIRECTION('',(0.906307787103118,-0.422618261598158,0.));
#1789=DIRECTION('',(0.906307787103118,-0.422618261598158,0.));
#1790=DIRECTION('',(0.,0.,1.));
#1791=DIRECTION('center_axis',(0.,0.,1.));
#1792=DIRECTION('ref_axis',(0.422618261598893,0.906307787102776,0.));
#1793=DIRECTION('center_axis',(0.,0.,-1.));
#1794=DIRECTION('ref_axis',(0.422618261598893,0.906307787102776,0.));
#1795=DIRECTION('center_axis',(0.,0.,-1.));
#1796=DIRECTION('ref_axis',(0.422618261598893,0.906307787102776,0.));
#1797=DIRECTION('center_axis',(0.,0.,1.));
#1798=DIRECTION('ref_axis',(1.,0.,0.));
#1799=DIRECTION('center_axis',(0.,0.,-1.));
#1800=DIRECTION('ref_axis',(1.,0.,0.));
#1801=DIRECTION('',(0.,0.,-1.));
#1802=DIRECTION('center_axis',(0.,0.,-1.));
#1803=DIRECTION('ref_axis',(1.,0.,0.));
#1804=DIRECTION('center_axis',(0.4226182617407,0.90630778703665,0.));
#1805=DIRECTION('ref_axis',(-0.90630778703665,0.4226182617407,0.));
#1806=DIRECTION('',(-0.90630778703665,0.4226182617407,0.));
#1807=DIRECTION('',(0.,0.,1.));
#1808=DIRECTION('',(-0.90630778703665,0.4226182617407,0.));
#1809=DIRECTION('',(0.,0.,1.));
#1810=DIRECTION('center_axis',(0.,0.,1.));
#1811=DIRECTION('ref_axis',(-0.422618261742689,-0.906307787035722,0.));
#1812=DIRECTION('center_axis',(0.,0.,-1.));
#1813=DIRECTION('ref_axis',(-0.422618261742689,-0.906307787035722,0.));
#1814=DIRECTION('center_axis',(0.,0.,-1.));
#1815=DIRECTION('ref_axis',(-0.422618261742689,-0.906307787035722,0.));
#1816=DIRECTION('',(0.,0.,1.));
#1817=DIRECTION('center_axis',(-0.422618261740698,-0.906307787036651,0.));
#1818=DIRECTION('ref_axis',(0.906307787036651,-0.422618261740698,0.));
#1819=DIRECTION('',(0.906307787036651,-0.422618261740698,0.));
#1820=DIRECTION('',(0.906307787036651,-0.422618261740698,0.));
#1821=DIRECTION('',(0.,0.,1.));
#1822=DIRECTION('center_axis',(0.,0.,1.));
#1823=DIRECTION('ref_axis',(0.422618261746955,0.906307787033733,0.));
#1824=DIRECTION('center_axis',(0.,0.,-1.));
#1825=DIRECTION('ref_axis',(0.422618261746955,0.906307787033733,0.));
#1826=DIRECTION('center_axis',(0.,0.,-1.));
#1827=DIRECTION('ref_axis',(0.422618261746955,0.906307787033733,0.));
#1828=DIRECTION('center_axis',(0.,0.,1.));
#1829=DIRECTION('ref_axis',(-0.422618261740678,-0.90630778703666,0.));
#1830=DIRECTION('center_axis',(0.,0.,-1.));
#1831=DIRECTION('ref_axis',(-0.422618261740678,-0.90630778703666,0.));
#1832=DIRECTION('',(0.,0.,1.));
#1833=DIRECTION('center_axis',(0.,0.,-1.));
#1834=DIRECTION('ref_axis',(-0.422618261740678,-0.90630778703666,0.));
#1835=DIRECTION('',(0.,0.,1.));
#1836=DIRECTION('center_axis',(-0.422618261740707,-0.906307787036646,0.));
#1837=DIRECTION('ref_axis',(0.906307787036646,-0.422618261740707,0.));
#1838=DIRECTION('',(0.906307787036646,-0.422618261740707,0.));
#1839=DIRECTION('',(0.906307787036646,-0.422618261740707,0.));
#1840=DIRECTION('',(0.,0.,1.));
#1841=DIRECTION('center_axis',(0.,0.,1.));
#1842=DIRECTION('ref_axis',(0.422618261741207,0.906307787036413,0.));
#1843=DIRECTION('center_axis',(0.,0.,-1.));
#1844=DIRECTION('ref_axis',(0.422618261741207,0.906307787036413,0.));
#1845=DIRECTION('center_axis',(0.,0.,-1.));
#1846=DIRECTION('ref_axis',(0.422618261741207,0.906307787036413,0.));
#1847=DIRECTION('',(0.,0.,1.));
#1848=DIRECTION('center_axis',(0.4226182617407,0.90630778703665,0.));
#1849=DIRECTION('ref_axis',(-0.906307787036649,0.4226182617407,0.));
#1850=DIRECTION('',(-0.90630778703665,0.4226182617407,0.));
#1851=DIRECTION('',(-0.90630778703665,0.4226182617407,0.));
#1852=DIRECTION('center_axis',(0.,0.,1.));
#1853=DIRECTION('ref_axis',(1.,0.,0.));
#1854=DIRECTION('center_axis',(0.,0.,-1.));
#1855=DIRECTION('ref_axis',(1.,0.,0.));
#1856=DIRECTION('',(0.,0.,-1.));
#1857=DIRECTION('center_axis',(0.,0.,-1.));
#1858=DIRECTION('ref_axis',(1.,0.,0.));
#1859=DIRECTION('center_axis',(0.,0.,1.));
#1860=DIRECTION('ref_axis',(0.411997890460184,-0.911184799179814,0.));
#1861=DIRECTION('center_axis',(0.,0.,1.));
#1862=DIRECTION('ref_axis',(0.411997890460184,-0.911184799179814,0.));
#1863=DIRECTION('',(0.,0.,1.));
#1864=DIRECTION('center_axis',(0.,0.,-1.));
#1865=DIRECTION('ref_axis',(0.411997890460184,-0.911184799179814,0.));
#1866=DIRECTION('',(0.,0.,1.));
#1867=DIRECTION('center_axis',(-0.90630778724182,0.422618261300711,0.));
#1868=DIRECTION('ref_axis',(-0.422618261300711,-0.90630778724182,0.));
#1869=DIRECTION('',(0.422618261300711,0.90630778724182,0.));
#1870=DIRECTION('',(-0.422618261300711,-0.90630778724182,0.));
#1871=DIRECTION('center_axis',(-0.342020143325659,0.939692620785912,0.));
#1872=DIRECTION('ref_axis',(-0.939692620785912,-0.342020143325659,0.));
#1873=DIRECTION('',(-0.939692620785912,-0.342020143325659,0.));
#1874=DIRECTION('',(0.,0.,1.));
#1875=DIRECTION('center_axis',(0.,0.,1.));
#1876=DIRECTION('ref_axis',(0.342020143325711,-0.939692620785893,0.));
#1877=DIRECTION('center_axis',(0.,0.,-1.));
#1878=DIRECTION('ref_axis',(0.342020143325711,-0.939692620785893,0.));
#1879=DIRECTION('',(0.,0.,1.));
#1880=DIRECTION('center_axis',(0.,0.,1.));
#1881=DIRECTION('ref_axis',(0.342020143325711,-0.939692620785893,0.));
#1882=DIRECTION('center_axis',(-0.906307787241863,0.422618261300618,0.));
#1883=DIRECTION('ref_axis',(-0.422618261300618,-0.906307787241863,0.));
#1884=DIRECTION('',(0.422618261300618,0.906307787241863,0.));
#1885=DIRECTION('',(-0.422618261300618,-0.906307787241863,0.));
#1886=DIRECTION('',(0.,0.,1.));
#1887=DIRECTION('center_axis',(0.,0.,1.));
#1888=DIRECTION('ref_axis',(0.906307787241809,-0.422618261300734,0.));
#1889=DIRECTION('center_axis',(0.,0.,1.));
#1890=DIRECTION('ref_axis',(0.906307787241809,-0.422618261300734,0.));
#1891=DIRECTION('center_axis',(0.,0.,-1.));
#1892=DIRECTION('ref_axis',(0.906307787241809,-0.422618261300734,0.));
#1893=DIRECTION('',(0.,0.,1.));
#1894=DIRECTION('center_axis',(-0.962835190986846,-0.270089605496629,0.));
#1895=DIRECTION('ref_axis',(0.270089605496629,-0.962835190986846,0.));
#1896=DIRECTION('',(-0.270089605496629,0.962835190986845,0.));
#1897=DIRECTION('',(0.270089605496629,-0.962835190986845,0.));
#1898=DIRECTION('',(0.,0.,1.));
#1899=DIRECTION('center_axis',(0.,0.,1.));
#1900=DIRECTION('ref_axis',(0.417200295071815,0.908814565129758,0.));
#1901=DIRECTION('center_axis',(0.,0.,1.));
#1902=DIRECTION('ref_axis',(0.417200295071815,0.908814565129758,0.));
#1903=DIRECTION('center_axis',(0.,0.,1.));
#1904=DIRECTION('ref_axis',(0.417200295071815,0.908814565129758,0.));
#1905=DIRECTION('',(0.,0.,1.));
#1906=DIRECTION('center_axis',(0.417200295071242,0.908814565130021,0.));
#1907=DIRECTION('ref_axis',(-0.908814565130021,0.417200295071242,0.));
#1908=DIRECTION('',(-0.908814565130021,0.417200295071242,0.));
#1909=DIRECTION('',(-0.908814565130021,0.417200295071242,0.));
#1910=DIRECTION('',(0.,0.,1.));
#1911=DIRECTION('center_axis',(0.,0.,1.));
#1912=DIRECTION('ref_axis',(1.,0.,0.));
#1913=DIRECTION('center_axis',(0.,0.,1.));
#1914=DIRECTION('ref_axis',(1.,0.,0.));
#1915=DIRECTION('center_axis',(0.,0.,1.));
#1916=DIRECTION('ref_axis',(1.,0.,0.));
#1917=DIRECTION('',(0.,0.,1.));
#1918=DIRECTION('center_axis',(1.,0.,0.));
#1919=DIRECTION('ref_axis',(0.,1.,0.));
#1920=DIRECTION('',(0.,1.,0.));
#1921=DIRECTION('',(0.,1.,0.));
#1922=DIRECTION('',(0.,0.,1.));
#1923=DIRECTION('center_axis',(0.,0.,1.));
#1924=DIRECTION('ref_axis',(-1.,0.,0.));
#1925=DIRECTION('center_axis',(0.,0.,1.));
#1926=DIRECTION('ref_axis',(-1.,0.,0.));
#1927=DIRECTION('center_axis',(0.,0.,-1.));
#1928=DIRECTION('ref_axis',(-1.,0.,0.));
#1929=DIRECTION('',(0.,0.,1.));
#1930=DIRECTION('center_axis',(0.,1.,0.));
#1931=DIRECTION('ref_axis',(-1.,0.,0.));
#1932=DIRECTION('',(-1.,0.,0.));
#1933=DIRECTION('',(-1.,0.,0.));
#1934=DIRECTION('',(0.,0.,1.));
#1935=DIRECTION('center_axis',(0.,0.,1.));
#1936=DIRECTION('ref_axis',(-1.,0.,0.));
#1937=DIRECTION('center_axis',(0.,0.,1.));
#1938=DIRECTION('ref_axis',(-1.,0.,0.));
#1939=DIRECTION('center_axis',(0.,0.,-1.));
#1940=DIRECTION('ref_axis',(-1.,0.,0.));
#1941=DIRECTION('',(0.,0.,1.));
#1942=DIRECTION('center_axis',(-1.,0.,0.));
#1943=DIRECTION('ref_axis',(0.,-1.,0.));
#1944=DIRECTION('',(0.,-1.,0.));
#1945=DIRECTION('',(0.,-1.,0.));
#1946=DIRECTION('',(0.,0.,1.));
#1947=DIRECTION('center_axis',(0.,0.,1.));
#1948=DIRECTION('ref_axis',(0.,1.,0.));
#1949=DIRECTION('center_axis',(0.,0.,1.));
#1950=DIRECTION('ref_axis',(0.,1.,0.));
#1951=DIRECTION('center_axis',(0.,0.,1.));
#1952=DIRECTION('ref_axis',(0.,1.,0.));
#1953=DIRECTION('',(0.,0.,1.));
#1954=DIRECTION('center_axis',(0.,1.,0.));
#1955=DIRECTION('ref_axis',(-1.,0.,0.));
#1956=DIRECTION('',(-1.,0.,0.));
#1957=DIRECTION('',(-1.,0.,0.));
#1958=DIRECTION('',(0.,0.,1.));
#1959=DIRECTION('center_axis',(0.,0.,1.));
#1960=DIRECTION('ref_axis',(1.,0.,0.));
#1961=DIRECTION('center_axis',(0.,0.,1.));
#1962=DIRECTION('ref_axis',(1.,0.,0.));
#1963=DIRECTION('center_axis',(0.,0.,1.));
#1964=DIRECTION('ref_axis',(1.,0.,0.));
#1965=DIRECTION('',(0.,0.,1.));
#1966=DIRECTION('center_axis',(1.,0.,0.));
#1967=DIRECTION('ref_axis',(0.,1.,0.));
#1968=DIRECTION('',(0.,1.,0.));
#1969=DIRECTION('',(0.,1.,0.));
#1970=DIRECTION('',(0.,0.,1.));
#1971=DIRECTION('center_axis',(0.,0.,1.));
#1972=DIRECTION('ref_axis',(0.177888791065863,-0.984050597283049,0.));
#1973=DIRECTION('center_axis',(0.,0.,1.));
#1974=DIRECTION('ref_axis',(0.177888791065863,-0.984050597283049,0.));
#1975=DIRECTION('center_axis',(0.,0.,1.));
#1976=DIRECTION('ref_axis',(0.177888791065863,-0.984050597283049,0.));
#1977=DIRECTION('',(0.,0.,1.));
#1978=DIRECTION('center_axis',(0.177888791066086,-0.984050597283009,0.));
#1979=DIRECTION('ref_axis',(0.984050597283009,0.177888791066086,0.));
#1980=DIRECTION('',(0.984050597283009,0.177888791066086,0.));
#1981=DIRECTION('',(0.984050597283009,0.177888791066086,0.));
#1982=DIRECTION('',(0.,0.,1.));
#1983=DIRECTION('center_axis',(0.,0.,1.));
#1984=DIRECTION('ref_axis',(-0.177888791065949,0.984050597283034,0.));
#1985=DIRECTION('center_axis',(0.,0.,1.));
#1986=DIRECTION('ref_axis',(-0.177888791065949,0.984050597283034,0.));
#1987=DIRECTION('center_axis',(0.,0.,-1.));
#1988=DIRECTION('ref_axis',(-0.177888791065949,0.984050597283034,0.));
#1989=DIRECTION('',(0.,0.,1.));
#1990=DIRECTION('center_axis',(0.906307787036669,-0.42261826174066,0.));
#1991=DIRECTION('ref_axis',(0.42261826174066,0.906307787036668,0.));
#1992=DIRECTION('',(0.42261826174066,0.906307787036668,0.));
#1993=DIRECTION('',(0.42261826174066,0.906307787036668,0.));
#1994=DIRECTION('',(0.,0.,1.));
#1995=DIRECTION('center_axis',(0.,0.,1.));
#1996=DIRECTION('ref_axis',(-0.906307787036621,0.422618261740761,0.));
#1997=DIRECTION('center_axis',(0.,0.,1.));
#1998=DIRECTION('ref_axis',(-0.906307787036621,0.422618261740761,0.));
#1999=DIRECTION('center_axis',(0.,0.,-1.));
#2000=DIRECTION('ref_axis',(-0.906307787036621,0.422618261740761,0.));
#2001=DIRECTION('',(0.,0.,1.));
#2002=DIRECTION('center_axis',(1.,0.,0.));
#2003=DIRECTION('ref_axis',(0.,1.,0.));
#2004=DIRECTION('',(0.,1.,0.));
#2005=DIRECTION('',(0.,1.,0.));
#2006=DIRECTION('',(0.,0.,1.));
#2007=DIRECTION('center_axis',(0.,0.,1.));
#2008=DIRECTION('ref_axis',(0.,-1.,0.));
#2009=DIRECTION('center_axis',(0.,0.,1.));
#2010=DIRECTION('ref_axis',(0.,-1.,0.));
#2011=DIRECTION('center_axis',(0.,0.,1.));
#2012=DIRECTION('ref_axis',(0.,-1.,0.));
#2013=DIRECTION('',(0.,0.,1.));
#2014=DIRECTION('center_axis',(0.,-1.,0.));
#2015=DIRECTION('ref_axis',(1.,0.,0.));
#2016=DIRECTION('',(1.,0.,0.));
#2017=DIRECTION('',(1.,0.,0.));
#2018=DIRECTION('',(0.,0.,1.));
#2019=DIRECTION('center_axis',(0.,0.,1.));
#2020=DIRECTION('ref_axis',(1.,0.,0.));
#2021=DIRECTION('center_axis',(0.,0.,1.));
#2022=DIRECTION('ref_axis',(1.,0.,0.));
#2023=DIRECTION('center_axis',(0.,0.,-1.));
#2024=DIRECTION('ref_axis',(1.,0.,0.));
#2025=DIRECTION('',(0.,0.,1.));
#2026=DIRECTION('center_axis',(1.,0.,0.));
#2027=DIRECTION('ref_axis',(0.,1.,0.));
#2028=DIRECTION('',(0.,1.,0.));
#2029=DIRECTION('',(0.,1.,0.));
#2030=DIRECTION('',(0.,0.,1.));
#2031=DIRECTION('center_axis',(0.,0.,1.));
#2032=DIRECTION('ref_axis',(0.,-1.,0.));
#2033=DIRECTION('center_axis',(0.,0.,1.));
#2034=DIRECTION('ref_axis',(0.,-1.,0.));
#2035=DIRECTION('center_axis',(0.,0.,1.));
#2036=DIRECTION('ref_axis',(0.,-1.,0.));
#2037=DIRECTION('',(0.,0.,1.));
#2038=DIRECTION('center_axis',(0.,-1.,0.));
#2039=DIRECTION('ref_axis',(1.,0.,0.));
#2040=DIRECTION('',(1.,0.,0.));
#2041=DIRECTION('',(1.,0.,0.));
#2042=DIRECTION('',(0.,0.,1.));
#2043=DIRECTION('center_axis',(0.,0.,1.));
#2044=DIRECTION('ref_axis',(-1.,0.,0.));
#2045=DIRECTION('center_axis',(0.,0.,1.));
#2046=DIRECTION('ref_axis',(-1.,0.,0.));
#2047=DIRECTION('center_axis',(0.,0.,1.));
#2048=DIRECTION('ref_axis',(-1.,0.,0.));
#2049=DIRECTION('',(0.,0.,1.));
#2050=DIRECTION('center_axis',(-1.,-3.22973964237291E-14,0.));
#2051=DIRECTION('ref_axis',(3.22973964237291E-14,-1.,0.));
#2052=DIRECTION('',(3.22973964237291E-14,-1.,0.));
#2053=DIRECTION('',(3.22973964237291E-14,-1.,0.));
#2054=DIRECTION('',(0.,0.,1.));
#2055=DIRECTION('center_axis',(0.,0.,1.));
#2056=DIRECTION('ref_axis',(1.,0.,0.));
#2057=DIRECTION('center_axis',(0.,0.,1.));
#2058=DIRECTION('ref_axis',(1.,0.,0.));
#2059=DIRECTION('center_axis',(0.,0.,-1.));
#2060=DIRECTION('ref_axis',(1.,0.,0.));
#2061=DIRECTION('',(0.,0.,1.));
#2062=DIRECTION('center_axis',(0.,-1.,0.));
#2063=DIRECTION('ref_axis',(1.,0.,0.));
#2064=DIRECTION('',(-1.,0.,0.));
#2065=DIRECTION('',(1.,0.,0.));
#2066=DIRECTION('',(0.,0.,1.));
#2067=DIRECTION('center_axis',(0.,0.,1.));
#2068=DIRECTION('ref_axis',(1.,0.,0.));
#2069=DIRECTION('center_axis',(0.,0.,1.));
#2070=DIRECTION('ref_axis',(1.,0.,0.));
#2071=DIRECTION('center_axis',(0.,0.,-1.));
#2072=DIRECTION('ref_axis',(1.,0.,0.));
#2073=DIRECTION('',(0.,0.,1.));
#2074=DIRECTION('center_axis',(1.,0.,0.));
#2075=DIRECTION('ref_axis',(0.,1.,0.));
#2076=DIRECTION('',(0.,-1.,0.));
#2077=DIRECTION('',(0.,1.,0.));
#2078=DIRECTION('',(0.,0.,1.));
#2079=DIRECTION('center_axis',(0.,0.,1.));
#2080=DIRECTION('ref_axis',(0.,-1.,0.));
#2081=DIRECTION('center_axis',(0.,0.,1.));
#2082=DIRECTION('ref_axis',(0.,-1.,0.));
#2083=DIRECTION('center_axis',(0.,0.,1.));
#2084=DIRECTION('ref_axis',(0.,-1.,0.));
#2085=DIRECTION('',(0.,0.,1.));
#2086=DIRECTION('center_axis',(0.,-1.,0.));
#2087=DIRECTION('ref_axis',(1.,0.,0.));
#2088=DIRECTION('',(-1.,0.,0.));
#2089=DIRECTION('',(1.,0.,0.));
#2090=DIRECTION('',(0.,0.,1.));
#2091=DIRECTION('center_axis',(0.,0.,1.));
#2092=DIRECTION('ref_axis',(-0.526028700733413,-0.850466816521795,0.));
#2093=DIRECTION('center_axis',(0.,0.,1.));
#2094=DIRECTION('ref_axis',(-0.526028700733413,-0.850466816521795,0.));
#2095=DIRECTION('center_axis',(0.,0.,1.));
#2096=DIRECTION('ref_axis',(-0.526028700733413,-0.850466816521795,0.));
#2097=DIRECTION('',(0.,0.,1.));
#2098=DIRECTION('center_axis',(-0.636631211996568,-0.77116839919163,0.));
#2099=DIRECTION('ref_axis',(0.77116839919163,-0.636631211996568,0.));
#2100=DIRECTION('',(-0.77116839919163,0.636631211996568,0.));
#2101=DIRECTION('',(0.77116839919163,-0.636631211996568,0.));
#2102=DIRECTION('',(0.,0.,1.));
#2103=DIRECTION('center_axis',(0.,0.,1.));
#2104=DIRECTION('ref_axis',(-0.411997890461607,0.911184799179171,0.));
#2105=DIRECTION('center_axis',(0.,0.,1.));
#2106=DIRECTION('ref_axis',(-0.411997890461607,0.911184799179171,0.));
#2107=DIRECTION('center_axis',(0.,0.,1.));
#2108=DIRECTION('ref_axis',(-0.411997890461607,0.911184799179171,0.));
#2109=DIRECTION('',(0.,0.,1.));
#2110=DIRECTION('center_axis',(-0.411997890460189,0.911184799179812,0.));
#2111=DIRECTION('ref_axis',(-0.911184799179812,-0.411997890460189,0.));
#2112=DIRECTION('',(-0.911184799179812,-0.411997890460189,0.));
#2113=DIRECTION('',(-0.911184799179812,-0.411997890460189,0.));
#2114=DIRECTION('center_axis',(0.,0.,1.));
#2115=DIRECTION('ref_axis',(1.,0.,0.));
#2116=DIRECTION('center_axis',(0.,0.,1.));
#2117=DIRECTION('ref_axis',(1.,0.,0.));
#2118=CARTESIAN_POINT('',(0.,0.,0.));
#2119=CARTESIAN_POINT('Origin',(559.94348688267,156.999959541224,0.75));
#2120=CARTESIAN_POINT('',(561.234589069227,158.291974664465,0.125893219156734));
#2121=CARTESIAN_POINT('',(561.413700044175,158.378190655479,0.));
#2122=CARTESIAN_POINT('Origin',(560.892568925902,159.231667285251,0.833000000000053));
#2123=CARTESIAN_POINT('',(557.586519299118,150.170775051262,0.));
#2124=CARTESIAN_POINT('',(560.623217723101,156.682995845248,0.));
#2125=CARTESIAN_POINT('',(557.537434264632,150.363400588142,0.125893218470134));
#2126=CARTESIAN_POINT('Origin',(556.597741643846,150.021380444816,0.833000000000194));
#2127=CARTESIAN_POINT('',(556.872793207445,152.189486884805,1.5));
#2128=CARTESIAN_POINT('',(556.658559050693,152.778090392957,1.94291667576823));
#2129=CARTESIAN_POINT('',(559.40850277525,157.627333608256,1.5));
#2130=CARTESIAN_POINT('',(559.263756042239,157.316923237199,1.5));
#2131=CARTESIAN_POINT('',(560.605801713578,158.063114783326,0.599047731052266));
#2132=CARTESIAN_POINT('Origin',(559.40850277525,157.627333608256,0.));
#2133=CARTESIAN_POINT('',(556.872793207445,152.189486884805,2.));
#2134=CARTESIAN_POINT('',(556.872793207445,152.189486884805,0.));
#2135=CARTESIAN_POINT('',(559.40850277525,157.627333608256,2.));
#2136=CARTESIAN_POINT('',(558.140647991348,154.90841024653,2.));
#2137=CARTESIAN_POINT('',(559.40850277525,157.627333608256,0.));
#2138=CARTESIAN_POINT('Origin',(556.872793207445,152.189486884805,0.));
#2139=CARTESIAN_POINT('',(557.537434264632,150.363400588142,2.));
#2140=CARTESIAN_POINT('',(557.537434264632,150.363400588142,0.));
#2141=CARTESIAN_POINT('',(556.872793207445,152.189486884805,2.));
#2142=CARTESIAN_POINT('Origin',(556.597741643846,150.021380444816,0.));
#2143=CARTESIAN_POINT('',(557.504049431088,149.598762183515,0.));
#2144=CARTESIAN_POINT('Origin',(556.597741643846,150.021380444816,0.));
#2145=CARTESIAN_POINT('',(557.504049431088,149.598762183515,2.));
#2146=CARTESIAN_POINT('',(557.504049431088,149.598762183515,0.));
#2147=CARTESIAN_POINT('Origin',(556.597741643846,150.021380444816,2.));
#2148=CARTESIAN_POINT('Origin',(571.319508080068,144.534840060904,0.));
#2149=CARTESIAN_POINT('',(571.319508080068,144.534840060904,0.));
#2150=CARTESIAN_POINT('',(574.716871195137,142.950623622814,0.));
#2151=CARTESIAN_POINT('',(571.319508080068,144.534840060904,0.));
#2152=CARTESIAN_POINT('',(574.716871195137,142.950623622814,2.));
#2153=CARTESIAN_POINT('',(574.716871195137,142.950623622814,0.));
#2154=CARTESIAN_POINT('',(571.319508080068,144.534840060904,2.));
#2155=CARTESIAN_POINT('',(571.319508080068,144.534840060904,2.));
#2156=CARTESIAN_POINT('',(571.319508080068,144.534840060904,0.));
#2157=CARTESIAN_POINT('Origin',(570.981413470676,143.809793831274,0.));
#2158=CARTESIAN_POINT('',(570.287201107981,143.412214662452,0.));
#2159=CARTESIAN_POINT('Origin',(570.981413470676,143.809793831274,0.));
#2160=CARTESIAN_POINT('',(570.287201107981,143.412214662452,2.));
#2161=CARTESIAN_POINT('Origin',(570.981413470676,143.809793831274,2.));
#2162=CARTESIAN_POINT('',(570.287201107981,143.412214662452,0.));
#2163=CARTESIAN_POINT('Origin',(572.567022459547,139.431422178573,0.));
#2164=CARTESIAN_POINT('',(572.567022459547,139.431422178573,0.));
#2165=CARTESIAN_POINT('',(570.287201107981,143.412214662452,0.));
#2166=CARTESIAN_POINT('',(572.567022459547,139.431422178573,2.));
#2167=CARTESIAN_POINT('',(570.287201107981,143.412214662452,2.));
#2168=CARTESIAN_POINT('',(572.567022459547,139.431422178573,0.));
#2169=CARTESIAN_POINT('Origin',(573.261234822242,139.829001347395,0.));
#2170=CARTESIAN_POINT('',(573.986281051871,139.490906738003,0.));
#2171=CARTESIAN_POINT('Origin',(573.261234822242,139.829001347395,0.));
#2172=CARTESIAN_POINT('',(573.986281051871,139.490906738003,2.));
#2173=CARTESIAN_POINT('Origin',(573.261234822242,139.829001347395,2.));
#2174=CARTESIAN_POINT('',(573.986281051871,139.490906738003,0.));
#2175=CARTESIAN_POINT('Origin',(575.103822815374,141.887482783792,0.));
#2176=CARTESIAN_POINT('',(575.103822815374,141.887482783792,0.));
#2177=CARTESIAN_POINT('',(575.103822815374,141.887482783792,0.));
#2178=CARTESIAN_POINT('',(575.103822815374,141.887482783792,2.));
#2179=CARTESIAN_POINT('',(575.103822815374,141.887482783792,2.));
#2180=CARTESIAN_POINT('',(575.103822815374,141.887482783792,0.));
#2181=CARTESIAN_POINT('Origin',(574.378776585744,142.225577393184,0.));
#2182=CARTESIAN_POINT('Origin',(574.378776585744,142.225577393184,0.));
#2183=CARTESIAN_POINT('Origin',(574.378776585744,142.225577393184,2.));
#2184=CARTESIAN_POINT('Origin',(577.955834876427,149.896603652621,0.));
#2185=CARTESIAN_POINT('',(577.955834876427,149.896603652621,0.));
#2186=CARTESIAN_POINT('',(574.558471761359,151.48082009071,0.));
#2187=CARTESIAN_POINT('',(574.558471761359,151.48082009071,0.));
#2188=CARTESIAN_POINT('',(574.558471761359,151.48082009071,2.));
#2189=CARTESIAN_POINT('',(574.558471761359,151.48082009071,0.));
#2190=CARTESIAN_POINT('',(577.955834876427,149.896603652621,2.));
#2191=CARTESIAN_POINT('',(574.558471761359,151.48082009071,2.));
#2192=CARTESIAN_POINT('',(577.955834876427,149.896603652621,0.));
#2193=CARTESIAN_POINT('Origin',(578.29392948582,150.62164988225,0.));
#2194=CARTESIAN_POINT('',(579.018975715449,150.283555272857,0.));
#2195=CARTESIAN_POINT('Origin',(578.29392948582,150.62164988225,0.));
#2196=CARTESIAN_POINT('',(579.018975715449,150.283555272857,2.));
#2197=CARTESIAN_POINT('Origin',(578.29392948582,150.62164988225,2.));
#2198=CARTESIAN_POINT('',(579.018975715449,150.283555272857,0.));
#2199=CARTESIAN_POINT('Origin',(580.136517478951,152.680131318647,0.));
#2200=CARTESIAN_POINT('',(580.136517478951,152.680131318647,0.));
#2201=CARTESIAN_POINT('',(579.018975715449,150.283555272857,0.));
#2202=CARTESIAN_POINT('',(580.136517478951,152.680131318647,2.));
#2203=CARTESIAN_POINT('',(579.018975715449,150.283555272857,2.));
#2204=CARTESIAN_POINT('',(580.136517478951,152.680131318647,0.));
#2205=CARTESIAN_POINT('Origin',(579.411471249322,153.018225928039,0.));
#2206=CARTESIAN_POINT('',(579.269803457066,153.805582414414,0.));
#2207=CARTESIAN_POINT('Origin',(579.411471249322,153.018225928039,0.));
#2208=CARTESIAN_POINT('',(579.269803457066,153.805582414414,2.));
#2209=CARTESIAN_POINT('Origin',(579.411471249322,153.018225928039,2.));
#2210=CARTESIAN_POINT('',(579.269803457066,153.805582414414,0.));
#2211=CARTESIAN_POINT('Origin',(574.754898578496,152.993222806715,0.));
#2212=CARTESIAN_POINT('',(574.754898578496,152.993222806715,0.));
#2213=CARTESIAN_POINT('',(574.754898578496,152.993222806715,0.));
#2214=CARTESIAN_POINT('',(574.754898578496,152.993222806715,2.));
#2215=CARTESIAN_POINT('',(574.754898578496,152.993222806715,2.));
#2216=CARTESIAN_POINT('',(574.754898578496,152.993222806715,0.));
#2217=CARTESIAN_POINT('Origin',(574.896566370751,152.20586632034,0.));
#2218=CARTESIAN_POINT('Origin',(574.896566370751,152.20586632034,0.));
#2219=CARTESIAN_POINT('Origin',(574.896566370751,152.20586632034,2.));
#2220=CARTESIAN_POINT('Origin',(573.03659334741,146.8037700355,0.));
#2221=CARTESIAN_POINT('',(573.03659334741,146.8037700355,0.));
#2222=CARTESIAN_POINT('',(563.520361595865,151.241261776201,0.));
#2223=CARTESIAN_POINT('',(563.520361595865,151.241261776201,0.));
#2224=CARTESIAN_POINT('',(563.520361595865,151.241261776201,2.));
#2225=CARTESIAN_POINT('',(563.520361595865,151.241261776201,0.));
#2226=CARTESIAN_POINT('',(573.03659334741,146.8037700355,2.));
#2227=CARTESIAN_POINT('',(563.520361595865,151.241261776201,2.));
#2228=CARTESIAN_POINT('',(573.03659334741,146.8037700355,0.));
#2229=CARTESIAN_POINT('Origin',(573.480342522087,147.755393211959,0.));
#2230=CARTESIAN_POINT('',(573.924091696763,148.707016388417,0.));
#2231=CARTESIAN_POINT('Origin',(573.480342522087,147.755393211959,0.));
#2232=CARTESIAN_POINT('',(573.924091696763,148.707016388417,2.));
#2233=CARTESIAN_POINT('Origin',(573.480342522087,147.755393211959,2.));
#2234=CARTESIAN_POINT('',(573.924091696763,148.707016388417,0.));
#2235=CARTESIAN_POINT('Origin',(564.407859945223,153.144508129117,0.));
#2236=CARTESIAN_POINT('',(564.407859945223,153.144508129117,0.));
#2237=CARTESIAN_POINT('',(564.407859945223,153.144508129117,0.));
#2238=CARTESIAN_POINT('',(564.407859945223,153.144508129117,2.));
#2239=CARTESIAN_POINT('',(564.407859945223,153.144508129117,2.));
#2240=CARTESIAN_POINT('',(564.407859945223,153.144508129117,0.));
#2241=CARTESIAN_POINT('Origin',(563.964110770544,152.192884952659,0.));
#2242=CARTESIAN_POINT('Origin',(563.964110770544,152.192884952659,0.));
#2243=CARTESIAN_POINT('Origin',(563.964110770544,152.192884952659,2.));
#2244=CARTESIAN_POINT('Origin',(564.020301444586,166.510595759436,0.));
#2245=CARTESIAN_POINT('',(562.970301444586,166.510595759436,2.));
#2246=CARTESIAN_POINT('Origin',(564.020301444586,166.510595759436,2.));
#2247=CARTESIAN_POINT('',(562.970301444586,166.510595759436,0.));
#2248=CARTESIAN_POINT('',(562.970301444586,166.510595759436,0.));
#2249=CARTESIAN_POINT('Origin',(564.020301444586,166.510595759436,0.));
#2250=CARTESIAN_POINT('Origin',(574.604923865994,154.899468855932,0.));
#2251=CARTESIAN_POINT('',(574.604923865994,154.899468855932,0.));
#2252=CARTESIAN_POINT('',(568.260769363823,157.857796684812,0.));
#2253=CARTESIAN_POINT('',(568.260769363831,157.857796684809,0.));
#2254=CARTESIAN_POINT('',(568.260769363823,157.857796684812,2.));
#2255=CARTESIAN_POINT('',(568.260769363823,157.857796684812,0.));
#2256=CARTESIAN_POINT('',(574.604923865994,154.899468855932,2.));
#2257=CARTESIAN_POINT('',(568.260769363831,157.857796684809,2.));
#2258=CARTESIAN_POINT('',(574.604923865994,154.899468855932,0.));
#2259=CARTESIAN_POINT('Origin',(575.048673040824,155.851092032319,0.));
#2260=CARTESIAN_POINT('',(575.492422215654,156.802715208707,0.));
#2261=CARTESIAN_POINT('Origin',(575.048673040824,155.851092032319,0.));
#2262=CARTESIAN_POINT('',(575.492422215654,156.802715208707,2.));
#2263=CARTESIAN_POINT('Origin',(575.048673040824,155.851092032319,2.));
#2264=CARTESIAN_POINT('',(575.492422215654,156.802715208707,0.));
#2265=CARTESIAN_POINT('Origin',(569.148267713492,159.761043037583,0.));
#2266=CARTESIAN_POINT('',(569.148267713492,159.761043037583,0.));
#2267=CARTESIAN_POINT('',(569.148267713492,159.761043037583,0.));
#2268=CARTESIAN_POINT('',(569.148267713492,159.761043037583,2.));
#2269=CARTESIAN_POINT('',(569.148267713492,159.761043037583,2.));
#2270=CARTESIAN_POINT('',(569.148267713492,159.761043037583,0.));
#2271=CARTESIAN_POINT('Origin',(568.704518538657,158.809419861198,0.));
#2272=CARTESIAN_POINT('Origin',(568.704518538657,158.809419861198,0.));
#2273=CARTESIAN_POINT('Origin',(568.704518538657,158.809419861198,2.));
#2274=CARTESIAN_POINT('Origin',(568.286780860063,141.350167436427,0.));
#2275=CARTESIAN_POINT('',(568.73053003489,142.301790612815,0.));
#2276=CARTESIAN_POINT('',(567.843031685235,140.398544260038,0.));
#2277=CARTESIAN_POINT('Origin',(568.286780860063,141.350167436427,0.));
#2278=CARTESIAN_POINT('',(567.843031685235,140.398544260038,2.));
#2279=CARTESIAN_POINT('',(567.843031685235,140.398544260038,0.));
#2280=CARTESIAN_POINT('',(568.73053003489,142.301790612815,2.));
#2281=CARTESIAN_POINT('Origin',(568.286780860063,141.350167436427,2.));
#2282=CARTESIAN_POINT('',(568.73053003489,142.301790612815,0.));
#2283=CARTESIAN_POINT('Origin',(562.386375525635,145.260118445,0.));
#2284=CARTESIAN_POINT('',(562.386375525635,145.260118445,0.));
#2285=CARTESIAN_POINT('',(562.386375525635,145.260118445,0.));
#2286=CARTESIAN_POINT('',(562.386375525635,145.260118445,2.));
#2287=CARTESIAN_POINT('',(562.386375525635,145.260118445,2.));
#2288=CARTESIAN_POINT('',(562.386375525635,145.260118445,0.));
#2289=CARTESIAN_POINT('Origin',(561.942626350806,144.308495268611,0.));
#2290=CARTESIAN_POINT('',(561.498877175978,143.356872092223,0.));
#2291=CARTESIAN_POINT('Origin',(561.942626350806,144.308495268611,0.));
#2292=CARTESIAN_POINT('',(561.498877175978,143.356872092223,2.));
#2293=CARTESIAN_POINT('Origin',(561.942626350806,144.308495268611,2.));
#2294=CARTESIAN_POINT('',(561.498877175978,143.356872092223,0.));
#2295=CARTESIAN_POINT('Origin',(567.843031685235,140.398544260038,0.));
#2296=CARTESIAN_POINT('',(561.498877175976,143.356872092224,0.));
#2297=CARTESIAN_POINT('',(561.498877175976,143.356872092224,2.));
#2298=CARTESIAN_POINT('Origin',(553.032226646418,142.946593293177,0.));
#2299=CARTESIAN_POINT('',(551.982226646418,142.946593293177,2.));
#2300=CARTESIAN_POINT('Origin',(553.032226646418,142.946593293177,2.));
#2301=CARTESIAN_POINT('',(551.982226646418,142.946593293177,0.));
#2302=CARTESIAN_POINT('',(551.982226646418,142.946593293177,0.));
#2303=CARTESIAN_POINT('Origin',(553.032226646418,142.946593293177,0.));
#2304=CARTESIAN_POINT('Origin',(554.889943172332,148.725196384792,0.));
#2305=CARTESIAN_POINT('',(555.713938953252,146.902826786432,0.));
#2306=CARTESIAN_POINT('',(556.702558746816,147.879959862191,0.));
#2307=CARTESIAN_POINT('Origin',(554.889943172332,148.725196384792,0.));
#2308=CARTESIAN_POINT('',(555.713938953252,146.902826786432,2.));
#2309=CARTESIAN_POINT('',(555.713938953252,146.902826786432,0.));
#2310=CARTESIAN_POINT('',(556.702558746816,147.879959862191,2.));
#2311=CARTESIAN_POINT('Origin',(554.889943172332,148.725196384792,2.));
#2312=CARTESIAN_POINT('',(556.702558746816,147.879959862191,0.));
#2313=CARTESIAN_POINT('Origin',(557.504049431088,149.598762183515,0.));
#2314=CARTESIAN_POINT('',(556.702558746816,147.879959862191,0.));
#2315=CARTESIAN_POINT('',(556.702558746816,147.879959862191,2.));
#2316=CARTESIAN_POINT('Origin',(561.234589069227,158.291974664465,0.));
#2317=CARTESIAN_POINT('',(561.234589069227,158.291974664465,2.));
#2318=CARTESIAN_POINT('',(559.40850277525,157.627333608256,2.));
#2319=CARTESIAN_POINT('',(561.234589069227,158.291974664465,0.));
#2320=CARTESIAN_POINT('Origin',(560.892568925902,159.231667285251,0.));
#2321=CARTESIAN_POINT('',(561.798876713143,158.80904902395,2.));
#2322=CARTESIAN_POINT('Origin',(560.892568925902,159.231667285251,2.));
#2323=CARTESIAN_POINT('',(561.798876713143,158.80904902395,0.));
#2324=CARTESIAN_POINT('',(561.798876713143,158.80904902395,0.));
#2325=CARTESIAN_POINT('Origin',(560.892568925902,159.231667285251,0.));
#2326=CARTESIAN_POINT('Origin',(562.600367398544,160.527851347693,0.));
#2327=CARTESIAN_POINT('',(562.600367398544,160.527851347693,0.));
#2328=CARTESIAN_POINT('',(561.798876713144,158.80904902395,0.));
#2329=CARTESIAN_POINT('',(562.600367398544,160.527851347693,2.));
#2330=CARTESIAN_POINT('',(561.798876713144,158.80904902395,2.));
#2331=CARTESIAN_POINT('',(562.600367398544,160.527851347693,0.));
#2332=CARTESIAN_POINT('Origin',(560.78775182406,161.373087870295,0.));
#2333=CARTESIAN_POINT('',(562.713422206034,161.913267081288,0.));
#2334=CARTESIAN_POINT('Origin',(560.78775182406,161.373087870295,0.));
#2335=CARTESIAN_POINT('',(562.713422206034,161.913267081288,2.));
#2336=CARTESIAN_POINT('Origin',(560.78775182406,161.373087870295,2.));
#2337=CARTESIAN_POINT('',(562.713422206034,161.913267081288,0.));
#2338=CARTESIAN_POINT('Origin',(561.613213457235,165.835371742914,0.));
#2339=CARTESIAN_POINT('',(561.613213457235,165.835371742914,0.));
#2340=CARTESIAN_POINT('',(562.713422206034,161.913267081288,0.));
#2341=CARTESIAN_POINT('',(561.613213457235,165.835371742914,2.));
#2342=CARTESIAN_POINT('',(562.713422206034,161.913267081288,2.));
#2343=CARTESIAN_POINT('',(561.613213457235,165.835371742914,0.));
#2344=CARTESIAN_POINT('Origin',(564.020301444586,166.510595759436,0.));
#2345=CARTESIAN_POINT('',(565.063302186549,168.782632181592,0.));
#2346=CARTESIAN_POINT('Origin',(564.020301444586,166.510595759436,0.));
#2347=CARTESIAN_POINT('',(565.063302186549,168.782632181592,2.));
#2348=CARTESIAN_POINT('Origin',(564.020301444586,166.510595759436,2.));
#2349=CARTESIAN_POINT('',(565.063302186549,168.782632181592,0.));
#2350=CARTESIAN_POINT('Origin',(580.39318924351,161.745296239845,0.));
#2351=CARTESIAN_POINT('',(580.39318924351,161.745296239845,0.));
#2352=CARTESIAN_POINT('',(580.39318924351,161.745296239845,0.));
#2353=CARTESIAN_POINT('',(580.39318924351,161.745296239845,2.));
#2354=CARTESIAN_POINT('',(580.39318924351,161.745296239845,2.));
#2355=CARTESIAN_POINT('',(580.39318924351,161.745296239845,0.));
#2356=CARTESIAN_POINT('Origin',(580.102436299632,161.000002522156,0.));
#2357=CARTESIAN_POINT('',(580.902436299632,161.000002522156,0.));
#2358=CARTESIAN_POINT('Origin',(580.102436299632,161.000002522156,0.));
#2359=CARTESIAN_POINT('',(580.902436299632,161.000002522156,2.));
#2360=CARTESIAN_POINT('Origin',(580.102436299632,161.000002522156,2.));
#2361=CARTESIAN_POINT('',(580.902436299632,161.000002522156,0.));
#2362=CARTESIAN_POINT('Origin',(580.902436299632,156.546629117262,0.));
#2363=CARTESIAN_POINT('',(580.902436299632,156.546629117262,0.));
#2364=CARTESIAN_POINT('',(580.902436299632,156.546629117262,0.));
#2365=CARTESIAN_POINT('',(580.902436299632,156.546629117262,2.));
#2366=CARTESIAN_POINT('',(580.902436299632,156.546629117262,2.));
#2367=CARTESIAN_POINT('',(580.902436299632,156.546629117262,0.));
#2368=CARTESIAN_POINT('Origin',(581.702436299632,156.546629117262,0.));
#2369=CARTESIAN_POINT('',(582.502436299632,156.546629117262,0.));
#2370=CARTESIAN_POINT('Origin',(581.702436299632,156.546629117262,0.));
#2371=CARTESIAN_POINT('',(582.502436299632,156.546629117262,2.));
#2372=CARTESIAN_POINT('Origin',(581.702436299632,156.546629117262,2.));
#2373=CARTESIAN_POINT('',(582.502436299632,156.546629117262,0.));
#2374=CARTESIAN_POINT('Origin',(584.812836299632,156.546629117262,0.));
#2375=CARTESIAN_POINT('',(584.812836299632,156.546629117262,0.));
#2376=CARTESIAN_POINT('',(584.812836299632,156.546629117262,0.));
#2377=CARTESIAN_POINT('',(584.812836299632,156.546629117262,2.));
#2378=CARTESIAN_POINT('',(584.812836299632,156.546629117262,2.));
#2379=CARTESIAN_POINT('',(584.812836299632,156.546629117262,0.));
#2380=CARTESIAN_POINT('Origin',(585.612836299632,156.546629117262,0.));
#2381=CARTESIAN_POINT('',(586.412836299632,156.546629117262,0.));
#2382=CARTESIAN_POINT('Origin',(585.612836299632,156.546629117262,0.));
#2383=CARTESIAN_POINT('',(586.412836299632,156.546629117262,2.));
#2384=CARTESIAN_POINT('Origin',(585.612836299632,156.546629117262,2.));
#2385=CARTESIAN_POINT('',(586.412836299632,156.546629117262,0.));
#2386=CARTESIAN_POINT('Origin',(586.412836299632,157.746629445087,0.));
#2387=CARTESIAN_POINT('',(586.412836299632,157.746629445087,0.));
#2388=CARTESIAN_POINT('',(586.412836299632,157.746629445087,0.));
#2389=CARTESIAN_POINT('',(586.412836299632,157.746629445087,2.));
#2390=CARTESIAN_POINT('',(586.412836299632,157.746629445087,2.));
#2391=CARTESIAN_POINT('',(586.412836299632,157.746629445087,0.));
#2392=CARTESIAN_POINT('Origin',(587.212836299632,157.746629445087,0.));
#2393=CARTESIAN_POINT('',(587.212836299632,158.546629445087,0.));
#2394=CARTESIAN_POINT('Origin',(587.212836299632,157.746629445087,0.));
#2395=CARTESIAN_POINT('',(587.212836299632,158.546629445087,2.));
#2396=CARTESIAN_POINT('Origin',(587.212836299632,157.746629445087,2.));
#2397=CARTESIAN_POINT('',(587.212836299632,158.546629445087,0.));
#2398=CARTESIAN_POINT('Origin',(591.472836299632,158.546629445087,0.));
#2399=CARTESIAN_POINT('',(591.472836299632,158.546629445087,0.));
#2400=CARTESIAN_POINT('',(591.472836299632,158.546629445087,0.));
#2401=CARTESIAN_POINT('',(591.472836299632,158.546629445087,2.));
#2402=CARTESIAN_POINT('',(591.472836299632,158.546629445087,2.));
#2403=CARTESIAN_POINT('',(591.472836299632,158.546629445087,0.));
#2404=CARTESIAN_POINT('Origin',(591.472836299632,157.746629445087,0.));
#2405=CARTESIAN_POINT('',(592.272836299632,157.746629445087,0.));
#2406=CARTESIAN_POINT('Origin',(591.472836299632,157.746629445087,0.));
#2407=CARTESIAN_POINT('',(592.272836299632,157.746629445087,2.));
#2408=CARTESIAN_POINT('Origin',(591.472836299632,157.746629445087,2.));
#2409=CARTESIAN_POINT('',(592.272836299632,157.746629445087,0.));
#2410=CARTESIAN_POINT('Origin',(592.272836299632,152.214977990168,0.));
#2411=CARTESIAN_POINT('',(592.272836299632,152.214977990168,0.));
#2412=CARTESIAN_POINT('',(592.272836299632,152.214977990168,0.));
#2413=CARTESIAN_POINT('',(592.272836299632,152.214977990168,2.));
#2414=CARTESIAN_POINT('',(592.272836299632,152.214977990168,2.));
#2415=CARTESIAN_POINT('',(592.272836299632,152.214977990168,0.));
#2416=CARTESIAN_POINT('Origin',(591.472836299632,152.214977990168,0.));
#2417=CARTESIAN_POINT('',(591.615147332484,151.427737512342,0.));
#2418=CARTESIAN_POINT('Origin',(591.472836299632,152.214977990168,0.));
#2419=CARTESIAN_POINT('',(591.615147332484,151.427737512342,2.));
#2420=CARTESIAN_POINT('Origin',(591.472836299632,152.214977990168,2.));
#2421=CARTESIAN_POINT('',(591.615147332484,151.427737512342,0.));
#2422=CARTESIAN_POINT('Origin',(582.484059679057,149.777092567589,0.));
#2423=CARTESIAN_POINT('',(582.484059679057,149.777092567589,0.));
#2424=CARTESIAN_POINT('',(582.484059679057,149.777092567589,0.));
#2425=CARTESIAN_POINT('',(582.484059679057,149.777092567589,2.));
#2426=CARTESIAN_POINT('',(582.484059679057,149.777092567589,2.));
#2427=CARTESIAN_POINT('',(582.484059679057,149.777092567589,0.));
#2428=CARTESIAN_POINT('Origin',(582.62637071191,148.989852089762,0.));
#2429=CARTESIAN_POINT('',(581.90132448228,149.327946699155,0.));
#2430=CARTESIAN_POINT('Origin',(582.62637071191,148.989852089762,0.));
#2431=CARTESIAN_POINT('',(581.90132448228,149.327946699155,2.));
#2432=CARTESIAN_POINT('Origin',(582.62637071191,148.989852089762,2.));
#2433=CARTESIAN_POINT('',(581.90132448228,149.327946699155,0.));
#2434=CARTESIAN_POINT('Origin',(578.347790308421,141.707368071046,0.));
#2435=CARTESIAN_POINT('',(578.347790308421,141.707368071046,0.));
#2436=CARTESIAN_POINT('',(578.347790308421,141.707368071046,0.));
#2437=CARTESIAN_POINT('',(578.347790308421,141.707368071046,2.));
#2438=CARTESIAN_POINT('',(578.347790308421,141.707368071046,2.));
#2439=CARTESIAN_POINT('',(578.347790308421,141.707368071046,0.));
#2440=CARTESIAN_POINT('Origin',(579.072836538051,141.369273461653,0.));
#2441=CARTESIAN_POINT('',(578.27283653805,141.369273461653,0.));
#2442=CARTESIAN_POINT('Origin',(579.072836538051,141.369273461653,0.));
#2443=CARTESIAN_POINT('',(578.27283653805,141.369273461653,2.));
#2444=CARTESIAN_POINT('Origin',(579.072836538051,141.369273461653,2.));
#2445=CARTESIAN_POINT('',(578.27283653805,141.369273461653,0.));
#2446=CARTESIAN_POINT('Origin',(578.27283653805,137.346629117262,0.));
#2447=CARTESIAN_POINT('',(578.27283653805,137.346629117262,0.));
#2448=CARTESIAN_POINT('',(578.27283653805,137.346629117262,0.));
#2449=CARTESIAN_POINT('',(578.27283653805,137.346629117262,2.));
#2450=CARTESIAN_POINT('',(578.27283653805,137.346629117262,2.));
#2451=CARTESIAN_POINT('',(578.27283653805,137.346629117262,0.));
#2452=CARTESIAN_POINT('Origin',(577.47283653805,137.346629117262,0.));
#2453=CARTESIAN_POINT('',(577.47283653805,136.546629117262,0.));
#2454=CARTESIAN_POINT('Origin',(577.47283653805,137.346629117262,0.));
#2455=CARTESIAN_POINT('',(577.47283653805,136.546629117262,2.));
#2456=CARTESIAN_POINT('Origin',(577.47283653805,137.346629117262,2.));
#2457=CARTESIAN_POINT('',(577.47283653805,136.546629117262,0.));
#2458=CARTESIAN_POINT('Origin',(574.457836299632,136.546629117262,0.));
#2459=CARTESIAN_POINT('',(574.457836299632,136.546629117262,0.));
#2460=CARTESIAN_POINT('',(574.457836299632,136.546629117262,0.));
#2461=CARTESIAN_POINT('',(574.457836299632,136.546629117262,2.));
#2462=CARTESIAN_POINT('',(574.457836299632,136.546629117262,2.));
#2463=CARTESIAN_POINT('',(574.457836299632,136.546629117262,0.));
#2464=CARTESIAN_POINT('Origin',(573.657836299632,136.546629117262,0.));
#2465=CARTESIAN_POINT('',(572.857836299632,136.546629117262,0.));
#2466=CARTESIAN_POINT('Origin',(573.657836299632,136.546629117262,0.));
#2467=CARTESIAN_POINT('',(572.857836299632,136.546629117262,2.));
#2468=CARTESIAN_POINT('Origin',(573.657836299632,136.546629117262,2.));
#2469=CARTESIAN_POINT('',(572.857836299632,136.546629117262,0.));
#2470=CARTESIAN_POINT('Origin',(572.857836299632,134.346629072558,0.));
#2471=CARTESIAN_POINT('',(572.857836299632,134.346629072558,0.));
#2472=CARTESIAN_POINT('',(572.857836299632,134.346629072558,0.));
#2473=CARTESIAN_POINT('',(572.857836299632,134.346629072558,2.));
#2474=CARTESIAN_POINT('',(572.857836299632,134.346629072558,2.));
#2475=CARTESIAN_POINT('',(572.857836299632,134.346629072558,0.));
#2476=CARTESIAN_POINT('Origin',(572.057836299632,134.346629072558,0.));
#2477=CARTESIAN_POINT('',(572.057836299632,133.546629072558,0.));
#2478=CARTESIAN_POINT('Origin',(572.057836299632,134.346629072558,0.));
#2479=CARTESIAN_POINT('',(572.057836299632,133.546629072558,2.));
#2480=CARTESIAN_POINT('Origin',(572.057836299632,134.346629072558,2.));
#2481=CARTESIAN_POINT('',(572.057836299632,133.546629072558,0.));
#2482=CARTESIAN_POINT('Origin',(568.797836299632,133.546629072558,0.));
#2483=CARTESIAN_POINT('',(568.797836299632,133.546629072558,0.));
#2484=CARTESIAN_POINT('',(568.797836299632,133.546629072558,0.));
#2485=CARTESIAN_POINT('',(568.797836299632,133.546629072558,2.));
#2486=CARTESIAN_POINT('',(568.797836299632,133.546629072558,2.));
#2487=CARTESIAN_POINT('',(568.797836299632,133.546629072558,0.));
#2488=CARTESIAN_POINT('Origin',(568.797836299632,134.346629072558,0.));
#2489=CARTESIAN_POINT('',(567.997836299632,134.346629072558,0.));
#2490=CARTESIAN_POINT('Origin',(568.797836299632,134.346629072558,0.));
#2491=CARTESIAN_POINT('',(567.997836299632,134.346629072558,2.));
#2492=CARTESIAN_POINT('Origin',(568.797836299632,134.346629072558,2.));
#2493=CARTESIAN_POINT('',(567.997836299632,134.346629072558,0.));
#2494=CARTESIAN_POINT('Origin',(567.997836299632,136.546629117262,0.));
#2495=CARTESIAN_POINT('',(567.997836299632,136.546629117262,0.));
#2496=CARTESIAN_POINT('',(567.997836299632,136.546629117262,0.));
#2497=CARTESIAN_POINT('',(567.997836299632,136.546629117262,2.));
#2498=CARTESIAN_POINT('',(567.997836299632,136.546629117262,2.));
#2499=CARTESIAN_POINT('',(567.997836299632,136.546629117262,0.));
#2500=CARTESIAN_POINT('Origin',(567.197836299632,136.546629117262,0.));
#2501=CARTESIAN_POINT('',(566.397836299632,136.546629117262,0.));
#2502=CARTESIAN_POINT('Origin',(567.197836299632,136.546629117262,0.));
#2503=CARTESIAN_POINT('',(566.397836299632,136.546629117262,2.));
#2504=CARTESIAN_POINT('Origin',(567.197836299632,136.546629117262,2.));
#2505=CARTESIAN_POINT('',(566.397836299632,136.546629117262,0.));
#2506=CARTESIAN_POINT('Origin',(563.872836299632,136.546629117262,0.));
#2507=CARTESIAN_POINT('',(563.872836299632,136.546629117262,0.));
#2508=CARTESIAN_POINT('',(566.397836299632,136.546629117262,0.));
#2509=CARTESIAN_POINT('',(563.872836299632,136.546629117262,2.));
#2510=CARTESIAN_POINT('',(566.397836299632,136.546629117262,2.));
#2511=CARTESIAN_POINT('',(563.872836299632,136.546629117262,0.));
#2512=CARTESIAN_POINT('Origin',(563.072836299632,136.546629117262,0.));
#2513=CARTESIAN_POINT('',(562.272836299632,136.546629117262,0.));
#2514=CARTESIAN_POINT('Origin',(563.072836299632,136.546629117262,0.));
#2515=CARTESIAN_POINT('',(562.272836299632,136.546629117262,2.));
#2516=CARTESIAN_POINT('Origin',(563.072836299632,136.546629117262,2.));
#2517=CARTESIAN_POINT('',(562.272836299632,136.546629117262,0.));
#2518=CARTESIAN_POINT('Origin',(562.272836299632,134.346629072558,0.));
#2519=CARTESIAN_POINT('',(562.272836299631,134.346629072558,0.));
#2520=CARTESIAN_POINT('',(562.272836299632,136.546629117262,0.));
#2521=CARTESIAN_POINT('',(562.272836299631,134.346629072558,2.));
#2522=CARTESIAN_POINT('',(562.272836299632,136.546629117262,2.));
#2523=CARTESIAN_POINT('',(562.272836299631,134.346629072558,0.));
#2524=CARTESIAN_POINT('Origin',(561.472836299631,134.346629072558,0.));
#2525=CARTESIAN_POINT('',(561.472836299631,133.546629072558,0.));
#2526=CARTESIAN_POINT('Origin',(561.472836299631,134.346629072558,0.));
#2527=CARTESIAN_POINT('',(561.472836299631,133.546629072558,2.));
#2528=CARTESIAN_POINT('Origin',(561.472836299631,134.346629072558,2.));
#2529=CARTESIAN_POINT('',(561.472836299631,133.546629072558,0.));
#2530=CARTESIAN_POINT('Origin',(560.767650355942,133.546629072558,0.));
#2531=CARTESIAN_POINT('',(560.767650355942,133.546629072558,0.));
#2532=CARTESIAN_POINT('',(561.472836299631,133.546629072558,0.));
#2533=CARTESIAN_POINT('',(560.767650355942,133.546629072558,2.));
#2534=CARTESIAN_POINT('',(561.472836299631,133.546629072558,2.));
#2535=CARTESIAN_POINT('',(560.767650355942,133.546629072558,0.));
#2536=CARTESIAN_POINT('Origin',(560.767650355942,134.346629072558,0.));
#2537=CARTESIAN_POINT('',(560.346827395355,133.666255619341,0.));
#2538=CARTESIAN_POINT('Origin',(560.767650355942,134.346629072558,0.));
#2539=CARTESIAN_POINT('',(560.346827395355,133.666255619341,2.));
#2540=CARTESIAN_POINT('Origin',(560.767650355942,134.346629072558,2.));
#2541=CARTESIAN_POINT('',(560.346827395355,133.666255619341,0.));
#2542=CARTESIAN_POINT('Origin',(551.440648611445,141.018672289166,0.));
#2543=CARTESIAN_POINT('',(551.440648611445,141.018672289166,0.));
#2544=CARTESIAN_POINT('',(560.346827395355,133.666255619341,0.));
#2545=CARTESIAN_POINT('',(551.440648611445,141.018672289166,2.));
#2546=CARTESIAN_POINT('',(560.346827395355,133.666255619341,2.));
#2547=CARTESIAN_POINT('',(551.440648611445,141.018672289166,0.));
#2548=CARTESIAN_POINT('Origin',(553.032226646418,142.946593293177,0.));
#2549=CARTESIAN_POINT('',(552.002231917041,145.224555298254,0.));
#2550=CARTESIAN_POINT('Origin',(553.032226646418,142.946593293177,0.));
#2551=CARTESIAN_POINT('',(552.002231917041,145.224555298254,2.));
#2552=CARTESIAN_POINT('Origin',(553.032226646418,142.946593293177,2.));
#2553=CARTESIAN_POINT('',(552.002231917041,145.224555298254,0.));
#2554=CARTESIAN_POINT('Origin',(555.713938953252,146.902826786432,0.));
#2555=CARTESIAN_POINT('',(555.713938953252,146.902826786432,0.));
#2556=CARTESIAN_POINT('',(555.713938953252,146.902826786432,2.));
#2557=CARTESIAN_POINT('Origin',(571.402531469113,151.278612421131,2.));
#2558=CARTESIAN_POINT('Origin',(571.402531469113,151.278612421131,0.));
#2559=UNCERTAINTY_MEASURE_WITH_UNIT(LENGTH_MEASURE(0.01),#2563,
'DISTANCE_ACCURACY_VALUE',
'Maximum model space distance between geometric entities at asserted c
onnectivities');
#2560=UNCERTAINTY_MEASURE_WITH_UNIT(LENGTH_MEASURE(0.01),#2563,
'DISTANCE_ACCURACY_VALUE',
'Maximum model space distance between geometric entities at asserted c
onnectivities');
#2561=(
GEOMETRIC_REPRESENTATION_CONTEXT(3)
GLOBAL_UNCERTAINTY_ASSIGNED_CONTEXT((#2559))
GLOBAL_UNIT_ASSIGNED_CONTEXT((#2563,#2565,#2566))
REPRESENTATION_CONTEXT('','3D')
);
#2562=(
GEOMETRIC_REPRESENTATION_CONTEXT(3)
GLOBAL_UNCERTAINTY_ASSIGNED_CONTEXT((#2560))
GLOBAL_UNIT_ASSIGNED_CONTEXT((#2563,#2565,#2566))
REPRESENTATION_CONTEXT('','3D')
);
#2563=(
LENGTH_UNIT()
NAMED_UNIT(*)
SI_UNIT(.MILLI.,.METRE.)
);
#2564=(
LENGTH_UNIT()
NAMED_UNIT(*)
SI_UNIT($,.METRE.)
);
#2565=(
NAMED_UNIT(*)
PLANE_ANGLE_UNIT()
SI_UNIT($,.RADIAN.)
);
#2566=(
NAMED_UNIT(*)
SI_UNIT($,.STERADIAN.)
SOLID_ANGLE_UNIT()
);
#2567=SHAPE_DEFINITION_REPRESENTATION(#2568,#2569);
#2568=PRODUCT_DEFINITION_SHAPE('',$,#2571);
#2569=SHAPE_REPRESENTATION('',(#1523),#2561);
#2570=PRODUCT_DEFINITION_CONTEXT('part definition',#2575,'design');
#2571=PRODUCT_DEFINITION('camera_plates_DJI_O4_Wide',
'camera_plates_DJI_O4_Wide v7',#2572,#2570);
#2572=PRODUCT_DEFINITION_FORMATION('',$,#2577);
#2573=PRODUCT_RELATED_PRODUCT_CATEGORY('camera_plates_DJI_O4_Wide v7',
'camera_plates_DJI_O4_Wide v7',(#2577));
#2574=APPLICATION_PROTOCOL_DEFINITION('international standard',
'automotive_design',2009,#2575);
#2575=APPLICATION_CONTEXT(
'Core Data for Automotive Mechanical Design Process');
#2576=PRODUCT_CONTEXT('part definition',#2575,'mechanical');
#2577=PRODUCT('camera_plates_DJI_O4_Wide',
'camera_plates_DJI_O4_Wide v7',$,(#2576));
#2578=PRESENTATION_STYLE_ASSIGNMENT((#2579));
#2579=SURFACE_STYLE_USAGE(.BOTH.,#2580);
#2580=SURFACE_SIDE_STYLE('',(#2581));
#2581=SURFACE_STYLE_FILL_AREA(#2582);
#2582=FILL_AREA_STYLE('Acier - Satin\X\E9',(#2583));
#2583=FILL_AREA_STYLE_COLOUR('Acier - Satin\X\E9',#2584);
#2584=COLOUR_RGB('Acier - Satin\X\E9',0.627450980392157,0.627450980392157,
0.627450980392157);
ENDSEC;
END-ISO-10303-21;
