ISO-10303-21;
HEADER;
/* Generated by software containing ST-Developer
 * from STEP Tools, Inc. (www.steptools.com) 
 */

FILE_DESCRIPTION(
/* description */ (''),
/* implementation_level */ '2;1');

FILE_NAME(
/* name */ 'camera_plates_DJI_O4_Wide_proto.step',
/* time_stamp */ '2026-07-09T15:08:56+02:00',
/* author */ (''),
/* organization */ (''),
/* preprocessor_version */ 'ST-DEVELOPER v20.1',
/* originating_system */ 'Autodesk Translation Framework v15.8.0.0',
/* authorisation */ '');

FILE_SCHEMA (('AUTOMOTIVE_DESIGN { 1 0 10303 214 3 1 1 }'));
ENDSEC;

DATA;
#10=MECHANICAL_DESIGN_GEOMETRIC_PRESENTATION_REPRESENTATION('',(#13),#2325);
#11=SHAPE_REPRESENTATION_RELATIONSHIP('SRR','None',#2332,#12);
#12=ADVANCED_BREP_SHAPE_REPRESENTATION('',(#14),#2324);
#13=STYLED_ITEM('',(#2341),#14);
#14=MANIFOLD_SOLID_BREP('Corps1',#1369);
#15=FACE_BOUND('',#198,.T.);
#16=FACE_BOUND('',#199,.T.);
#17=FACE_BOUND('',#200,.T.);
#18=FACE_BOUND('',#201,.T.);
#19=FACE_BOUND('',#202,.T.);
#20=FACE_BOUND('',#203,.T.);
#21=FACE_BOUND('',#204,.T.);
#22=FACE_BOUND('',#206,.T.);
#23=FACE_BOUND('',#207,.T.);
#24=FACE_BOUND('',#208,.T.);
#25=FACE_BOUND('',#209,.T.);
#26=FACE_BOUND('',#210,.T.);
#27=FACE_BOUND('',#211,.T.);
#28=FACE_BOUND('',#212,.T.);
#29=PLANE('',#1386);
#30=PLANE('',#1390);
#31=PLANE('',#1394);
#32=PLANE('',#1395);
#33=PLANE('',#1399);
#34=PLANE('',#1403);
#35=PLANE('',#1407);
#36=PLANE('',#1411);
#37=PLANE('',#1415);
#38=PLANE('',#1419);
#39=PLANE('',#1423);
#40=PLANE('',#1427);
#41=PLANE('',#1440);
#42=PLANE('',#1444);
#43=PLANE('',#1448);
#44=PLANE('',#1452);
#45=PLANE('',#1456);
#46=PLANE('',#1460);
#47=PLANE('',#1464);
#48=PLANE('',#1468);
#49=PLANE('',#1472);
#50=PLANE('',#1476);
#51=PLANE('',#1480);
#52=PLANE('',#1484);
#53=PLANE('',#1488);
#54=PLANE('',#1492);
#55=PLANE('',#1496);
#56=PLANE('',#1500);
#57=PLANE('',#1504);
#58=PLANE('',#1508);
#59=PLANE('',#1512);
#60=PLANE('',#1516);
#61=PLANE('',#1517);
#62=PLANE('',#1518);
#63=FACE_OUTER_BOUND('',#131,.T.);
#64=FACE_OUTER_BOUND('',#132,.T.);
#65=FACE_OUTER_BOUND('',#133,.T.);
#66=FACE_OUTER_BOUND('',#134,.T.);
#67=FACE_OUTER_BOUND('',#135,.T.);
#68=FACE_OUTER_BOUND('',#136,.T.);
#69=FACE_OUTER_BOUND('',#137,.T.);
#70=FACE_OUTER_BOUND('',#138,.T.);
#71=FACE_OUTER_BOUND('',#139,.T.);
#72=FACE_OUTER_BOUND('',#140,.T.);
#73=FACE_OUTER_BOUND('',#141,.T.);
#74=FACE_OUTER_BOUND('',#142,.T.);
#75=FACE_OUTER_BOUND('',#143,.T.);
#76=FACE_OUTER_BOUND('',#144,.T.);
#77=FACE_OUTER_BOUND('',#145,.T.);
#78=FACE_OUTER_BOUND('',#146,.T.);
#79=FACE_OUTER_BOUND('',#147,.T.);
#80=FACE_OUTER_BOUND('',#148,.T.);
#81=FACE_OUTER_BOUND('',#149,.T.);
#82=FACE_OUTER_BOUND('',#150,.T.);
#83=FACE_OUTER_BOUND('',#151,.T.);
#84=FACE_OUTER_BOUND('',#152,.T.);
#85=FACE_OUTER_BOUND('',#153,.T.);
#86=FACE_OUTER_BOUND('',#154,.T.);
#87=FACE_OUTER_BOUND('',#155,.T.);
#88=FACE_OUTER_BOUND('',#156,.T.);
#89=FACE_OUTER_BOUND('',#157,.T.);
#90=FACE_OUTER_BOUND('',#158,.T.);
#91=FACE_OUTER_BOUND('',#159,.T.);
#92=FACE_OUTER_BOUND('',#160,.T.);
#93=FACE_OUTER_BOUND('',#161,.T.);
#94=FACE_OUTER_BOUND('',#162,.T.);
#95=FACE_OUTER_BOUND('',#163,.T.);
#96=FACE_OUTER_BOUND('',#164,.T.);
#97=FACE_OUTER_BOUND('',#165,.T.);
#98=FACE_OUTER_BOUND('',#166,.T.);
#99=FACE_OUTER_BOUND('',#167,.T.);
#100=FACE_OUTER_BOUND('',#168,.T.);
#101=FACE_OUTER_BOUND('',#169,.T.);
#102=FACE_OUTER_BOUND('',#170,.T.);
#103=FACE_OUTER_BOUND('',#171,.T.);
#104=FACE_OUTER_BOUND('',#172,.T.);
#105=FACE_OUTER_BOUND('',#173,.T.);
#106=FACE_OUTER_BOUND('',#174,.T.);
#107=FACE_OUTER_BOUND('',#175,.T.);
#108=FACE_OUTER_BOUND('',#176,.T.);
#109=FACE_OUTER_BOUND('',#177,.T.);
#110=FACE_OUTER_BOUND('',#178,.T.);
#111=FACE_OUTER_BOUND('',#179,.T.);
#112=FACE_OUTER_BOUND('',#180,.T.);
#113=FACE_OUTER_BOUND('',#181,.T.);
#114=FACE_OUTER_BOUND('',#182,.T.);
#115=FACE_OUTER_BOUND('',#183,.T.);
#116=FACE_OUTER_BOUND('',#184,.T.);
#117=FACE_OUTER_BOUND('',#185,.T.);
#118=FACE_OUTER_BOUND('',#186,.T.);
#119=FACE_OUTER_BOUND('',#187,.T.);
#120=FACE_OUTER_BOUND('',#188,.T.);
#121=FACE_OUTER_BOUND('',#189,.T.);
#122=FACE_OUTER_BOUND('',#190,.T.);
#123=FACE_OUTER_BOUND('',#191,.T.);
#124=FACE_OUTER_BOUND('',#192,.T.);
#125=FACE_OUTER_BOUND('',#193,.T.);
#126=FACE_OUTER_BOUND('',#194,.T.);
#127=FACE_OUTER_BOUND('',#195,.T.);
#128=FACE_OUTER_BOUND('',#196,.T.);
#129=FACE_OUTER_BOUND('',#197,.T.);
#130=FACE_OUTER_BOUND('',#205,.T.);
#131=EDGE_LOOP('',(#871,#872,#873,#874));
#132=EDGE_LOOP('',(#875,#876,#877,#878));
#133=EDGE_LOOP('',(#879,#880,#881,#882));
#134=EDGE_LOOP('',(#883,#884,#885,#886));
#135=EDGE_LOOP('',(#887,#888,#889,#890));
#136=EDGE_LOOP('',(#891,#892,#893,#894));
#137=EDGE_LOOP('',(#895,#896,#897,#898));
#138=EDGE_LOOP('',(#899,#900,#901,#902));
#139=EDGE_LOOP('',(#903,#904,#905,#906));
#140=EDGE_LOOP('',(#907,#908,#909,#910));
#141=EDGE_LOOP('',(#911,#912,#913,#914));
#142=EDGE_LOOP('',(#915,#916,#917,#918));
#143=EDGE_LOOP('',(#919,#920,#921,#922));
#144=EDGE_LOOP('',(#923,#924,#925,#926));
#145=EDGE_LOOP('',(#927,#928,#929,#930));
#146=EDGE_LOOP('',(#931,#932,#933,#934));
#147=EDGE_LOOP('',(#935,#936,#937,#938));
#148=EDGE_LOOP('',(#939,#940,#941,#942));
#149=EDGE_LOOP('',(#943,#944,#945,#946));
#150=EDGE_LOOP('',(#947,#948,#949,#950));
#151=EDGE_LOOP('',(#951,#952,#953,#954));
#152=EDGE_LOOP('',(#955,#956,#957,#958));
#153=EDGE_LOOP('',(#959,#960,#961,#962));
#154=EDGE_LOOP('',(#963,#964,#965,#966));
#155=EDGE_LOOP('',(#967,#968,#969,#970));
#156=EDGE_LOOP('',(#971,#972,#973,#974));
#157=EDGE_LOOP('',(#975,#976,#977,#978));
#158=EDGE_LOOP('',(#979,#980,#981,#982));
#159=EDGE_LOOP('',(#983,#984,#985,#986));
#160=EDGE_LOOP('',(#987,#988,#989,#990));
#161=EDGE_LOOP('',(#991,#992,#993,#994));
#162=EDGE_LOOP('',(#995,#996,#997,#998));
#163=EDGE_LOOP('',(#999,#1000,#1001,#1002));
#164=EDGE_LOOP('',(#1003,#1004,#1005,#1006));
#165=EDGE_LOOP('',(#1007,#1008,#1009,#1010));
#166=EDGE_LOOP('',(#1011,#1012,#1013,#1014));
#167=EDGE_LOOP('',(#1015,#1016,#1017,#1018));
#168=EDGE_LOOP('',(#1019,#1020,#1021,#1022));
#169=EDGE_LOOP('',(#1023,#1024,#1025,#1026));
#170=EDGE_LOOP('',(#1027,#1028,#1029,#1030));
#171=EDGE_LOOP('',(#1031,#1032,#1033,#1034));
#172=EDGE_LOOP('',(#1035,#1036,#1037,#1038));
#173=EDGE_LOOP('',(#1039,#1040,#1041,#1042));
#174=EDGE_LOOP('',(#1043,#1044,#1045,#1046));
#175=EDGE_LOOP('',(#1047,#1048,#1049,#1050));
#176=EDGE_LOOP('',(#1051,#1052,#1053,#1054));
#177=EDGE_LOOP('',(#1055,#1056,#1057,#1058));
#178=EDGE_LOOP('',(#1059,#1060,#1061,#1062));
#179=EDGE_LOOP('',(#1063,#1064,#1065,#1066));
#180=EDGE_LOOP('',(#1067,#1068,#1069,#1070));
#181=EDGE_LOOP('',(#1071,#1072,#1073,#1074));
#182=EDGE_LOOP('',(#1075,#1076,#1077,#1078));
#183=EDGE_LOOP('',(#1079,#1080,#1081,#1082));
#184=EDGE_LOOP('',(#1083,#1084,#1085,#1086));
#185=EDGE_LOOP('',(#1087,#1088,#1089,#1090));
#186=EDGE_LOOP('',(#1091,#1092,#1093,#1094));
#187=EDGE_LOOP('',(#1095,#1096,#1097,#1098));
#188=EDGE_LOOP('',(#1099,#1100,#1101,#1102));
#189=EDGE_LOOP('',(#1103,#1104,#1105,#1106));
#190=EDGE_LOOP('',(#1107,#1108,#1109,#1110));
#191=EDGE_LOOP('',(#1111,#1112,#1113,#1114));
#192=EDGE_LOOP('',(#1115,#1116,#1117,#1118));
#193=EDGE_LOOP('',(#1119,#1120,#1121,#1122));
#194=EDGE_LOOP('',(#1123,#1124,#1125,#1126));
#195=EDGE_LOOP('',(#1127,#1128,#1129,#1130));
#196=EDGE_LOOP('',(#1131,#1132,#1133,#1134));
#197=EDGE_LOOP('',(#1135,#1136,#1137,#1138,#1139,#1140,#1141,#1142,#1143,
#1144,#1145,#1146,#1147,#1148,#1149,#1150,#1151,#1152,#1153,#1154,#1155,
#1156,#1157,#1158,#1159,#1160,#1161,#1162,#1163,#1164,#1165,#1166,#1167,
#1168,#1169,#1170,#1171,#1172,#1173,#1174));
#198=EDGE_LOOP('',(#1175));
#199=EDGE_LOOP('',(#1176));
#200=EDGE_LOOP('',(#1177,#1178,#1179,#1180,#1181,#1182));
#201=EDGE_LOOP('',(#1183,#1184,#1185,#1186));
#202=EDGE_LOOP('',(#1187,#1188,#1189,#1190));
#203=EDGE_LOOP('',(#1191,#1192,#1193,#1194));
#204=EDGE_LOOP('',(#1195,#1196,#1197,#1198,#1199,#1200));
#205=EDGE_LOOP('',(#1201,#1202,#1203,#1204,#1205,#1206,#1207,#1208,#1209,
#1210,#1211,#1212,#1213,#1214,#1215,#1216,#1217,#1218,#1219,#1220,#1221,
#1222,#1223,#1224,#1225,#1226,#1227,#1228,#1229,#1230,#1231,#1232,#1233,
#1234,#1235,#1236,#1237,#1238,#1239,#1240));
#206=EDGE_LOOP('',(#1241));
#207=EDGE_LOOP('',(#1242));
#208=EDGE_LOOP('',(#1243,#1244,#1245,#1246,#1247,#1248));
#209=EDGE_LOOP('',(#1249,#1250,#1251,#1252));
#210=EDGE_LOOP('',(#1253,#1254,#1255,#1256));
#211=EDGE_LOOP('',(#1257,#1258,#1259,#1260));
#212=EDGE_LOOP('',(#1261,#1262,#1263,#1264,#1265,#1266));
#213=LINE('',#1929,#343);
#214=LINE('',#1932,#344);
#215=LINE('',#1935,#345);
#216=LINE('',#1937,#346);
#217=LINE('',#1938,#347);
#218=LINE('',#1944,#348);
#219=LINE('',#1947,#349);
#220=LINE('',#1949,#350);
#221=LINE('',#1950,#351);
#222=LINE('',#1956,#352);
#223=LINE('',#1958,#353);
#224=LINE('',#1959,#354);
#225=LINE('',#1963,#355);
#226=LINE('',#1965,#356);
#227=LINE('',#1967,#357);
#228=LINE('',#1968,#358);
#229=LINE('',#1974,#359);
#230=LINE('',#1977,#360);
#231=LINE('',#1979,#361);
#232=LINE('',#1980,#362);
#233=LINE('',#1987,#363);
#234=LINE('',#1989,#364);
#235=LINE('',#1991,#365);
#236=LINE('',#1992,#366);
#237=LINE('',#1998,#367);
#238=LINE('',#2001,#368);
#239=LINE('',#2003,#369);
#240=LINE('',#2004,#370);
#241=LINE('',#2011,#371);
#242=LINE('',#2013,#372);
#243=LINE('',#2015,#373);
#244=LINE('',#2016,#374);
#245=LINE('',#2022,#375);
#246=LINE('',#2025,#376);
#247=LINE('',#2027,#377);
#248=LINE('',#2028,#378);
#249=LINE('',#2035,#379);
#250=LINE('',#2037,#380);
#251=LINE('',#2039,#381);
#252=LINE('',#2040,#382);
#253=LINE('',#2046,#383);
#254=LINE('',#2049,#384);
#255=LINE('',#2051,#385);
#256=LINE('',#2052,#386);
#257=LINE('',#2058,#387);
#258=LINE('',#2061,#388);
#259=LINE('',#2063,#389);
#260=LINE('',#2064,#390);
#261=LINE('',#2072,#391);
#262=LINE('',#2078,#392);
#263=LINE('',#2085,#393);
#264=LINE('',#2088,#394);
#265=LINE('',#2091,#395);
#266=LINE('',#2093,#396);
#267=LINE('',#2094,#397);
#268=LINE('',#2100,#398);
#269=LINE('',#2103,#399);
#270=LINE('',#2105,#400);
#271=LINE('',#2106,#401);
#272=LINE('',#2112,#402);
#273=LINE('',#2115,#403);
#274=LINE('',#2117,#404);
#275=LINE('',#2118,#405);
#276=LINE('',#2124,#406);
#277=LINE('',#2127,#407);
#278=LINE('',#2129,#408);
#279=LINE('',#2130,#409);
#280=LINE('',#2136,#410);
#281=LINE('',#2139,#411);
#282=LINE('',#2141,#412);
#283=LINE('',#2142,#413);
#284=LINE('',#2148,#414);
#285=LINE('',#2151,#415);
#286=LINE('',#2153,#416);
#287=LINE('',#2154,#417);
#288=LINE('',#2160,#418);
#289=LINE('',#2163,#419);
#290=LINE('',#2165,#420);
#291=LINE('',#2166,#421);
#292=LINE('',#2172,#422);
#293=LINE('',#2175,#423);
#294=LINE('',#2177,#424);
#295=LINE('',#2178,#425);
#296=LINE('',#2184,#426);
#297=LINE('',#2187,#427);
#298=LINE('',#2189,#428);
#299=LINE('',#2190,#429);
#300=LINE('',#2196,#430);
#301=LINE('',#2199,#431);
#302=LINE('',#2201,#432);
#303=LINE('',#2202,#433);
#304=LINE('',#2208,#434);
#305=LINE('',#2211,#435);
#306=LINE('',#2213,#436);
#307=LINE('',#2214,#437);
#308=LINE('',#2220,#438);
#309=LINE('',#2223,#439);
#310=LINE('',#2225,#440);
#311=LINE('',#2226,#441);
#312=LINE('',#2232,#442);
#313=LINE('',#2235,#443);
#314=LINE('',#2237,#444);
#315=LINE('',#2238,#445);
#316=LINE('',#2244,#446);
#317=LINE('',#2247,#447);
#318=LINE('',#2249,#448);
#319=LINE('',#2250,#449);
#320=LINE('',#2256,#450);
#321=LINE('',#2259,#451);
#322=LINE('',#2261,#452);
#323=LINE('',#2262,#453);
#324=LINE('',#2268,#454);
#325=LINE('',#2271,#455);
#326=LINE('',#2273,#456);
#327=LINE('',#2274,#457);
#328=LINE('',#2280,#458);
#329=LINE('',#2283,#459);
#330=LINE('',#2285,#460);
#331=LINE('',#2286,#461);
#332=LINE('',#2292,#462);
#333=LINE('',#2295,#463);
#334=LINE('',#2297,#464);
#335=LINE('',#2298,#465);
#336=LINE('',#2304,#466);
#337=LINE('',#2307,#467);
#338=LINE('',#2309,#468);
#339=LINE('',#2310,#469);
#340=LINE('',#2316,#470);
#341=LINE('',#2318,#471);
#342=LINE('',#2319,#472);
#343=VECTOR('',#1525,10.);
#344=VECTOR('',#1528,10.);
#345=VECTOR('',#1531,10.);
#346=VECTOR('',#1532,10.);
#347=VECTOR('',#1533,10.);
#348=VECTOR('',#1540,10.);
#349=VECTOR('',#1543,10.);
#350=VECTOR('',#1544,10.);
#351=VECTOR('',#1545,10.);
#352=VECTOR('',#1552,10.);
#353=VECTOR('',#1555,10.);
#354=VECTOR('',#1556,10.);
#355=VECTOR('',#1559,10.);
#356=VECTOR('',#1560,10.);
#357=VECTOR('',#1561,10.);
#358=VECTOR('',#1562,10.);
#359=VECTOR('',#1569,10.);
#360=VECTOR('',#1572,10.);
#361=VECTOR('',#1573,10.);
#362=VECTOR('',#1574,10.);
#363=VECTOR('',#1583,10.);
#364=VECTOR('',#1584,10.);
#365=VECTOR('',#1585,10.);
#366=VECTOR('',#1586,10.);
#367=VECTOR('',#1593,10.);
#368=VECTOR('',#1596,10.);
#369=VECTOR('',#1597,10.);
#370=VECTOR('',#1598,10.);
#371=VECTOR('',#1607,10.);
#372=VECTOR('',#1608,10.);
#373=VECTOR('',#1609,10.);
#374=VECTOR('',#1610,10.);
#375=VECTOR('',#1617,10.);
#376=VECTOR('',#1620,10.);
#377=VECTOR('',#1621,10.);
#378=VECTOR('',#1622,10.);
#379=VECTOR('',#1631,10.);
#380=VECTOR('',#1632,10.);
#381=VECTOR('',#1633,10.);
#382=VECTOR('',#1634,10.);
#383=VECTOR('',#1641,10.);
#384=VECTOR('',#1644,10.);
#385=VECTOR('',#1645,10.);
#386=VECTOR('',#1646,10.);
#387=VECTOR('',#1653,10.);
#388=VECTOR('',#1656,10.);
#389=VECTOR('',#1657,10.);
#390=VECTOR('',#1658,10.);
#391=VECTOR('',#1669,1.05000000000004);
#392=VECTOR('',#1676,1.05000000000004);
#393=VECTOR('',#1683,10.);
#394=VECTOR('',#1686,10.);
#395=VECTOR('',#1689,10.);
#396=VECTOR('',#1690,10.);
#397=VECTOR('',#1691,10.);
#398=VECTOR('',#1698,10.);
#399=VECTOR('',#1701,10.);
#400=VECTOR('',#1702,10.);
#401=VECTOR('',#1703,10.);
#402=VECTOR('',#1710,10.);
#403=VECTOR('',#1713,10.);
#404=VECTOR('',#1714,10.);
#405=VECTOR('',#1715,10.);
#406=VECTOR('',#1722,10.);
#407=VECTOR('',#1725,10.);
#408=VECTOR('',#1726,10.);
#409=VECTOR('',#1727,10.);
#410=VECTOR('',#1734,10.);
#411=VECTOR('',#1737,10.);
#412=VECTOR('',#1738,10.);
#413=VECTOR('',#1739,10.);
#414=VECTOR('',#1746,10.);
#415=VECTOR('',#1749,10.);
#416=VECTOR('',#1750,10.);
#417=VECTOR('',#1751,10.);
#418=VECTOR('',#1758,10.);
#419=VECTOR('',#1761,10.);
#420=VECTOR('',#1762,10.);
#421=VECTOR('',#1763,10.);
#422=VECTOR('',#1770,10.);
#423=VECTOR('',#1773,10.);
#424=VECTOR('',#1774,10.);
#425=VECTOR('',#1775,10.);
#426=VECTOR('',#1782,10.);
#427=VECTOR('',#1785,10.);
#428=VECTOR('',#1786,10.);
#429=VECTOR('',#1787,10.);
#430=VECTOR('',#1794,10.);
#431=VECTOR('',#1797,10.);
#432=VECTOR('',#1798,10.);
#433=VECTOR('',#1799,10.);
#434=VECTOR('',#1806,10.);
#435=VECTOR('',#1809,10.);
#436=VECTOR('',#1810,10.);
#437=VECTOR('',#1811,10.);
#438=VECTOR('',#1818,10.);
#439=VECTOR('',#1821,10.);
#440=VECTOR('',#1822,10.);
#441=VECTOR('',#1823,10.);
#442=VECTOR('',#1830,10.);
#443=VECTOR('',#1833,10.);
#444=VECTOR('',#1834,10.);
#445=VECTOR('',#1835,10.);
#446=VECTOR('',#1842,10.);
#447=VECTOR('',#1845,10.);
#448=VECTOR('',#1846,10.);
#449=VECTOR('',#1847,10.);
#450=VECTOR('',#1854,10.);
#451=VECTOR('',#1857,10.);
#452=VECTOR('',#1858,10.);
#453=VECTOR('',#1859,10.);
#454=VECTOR('',#1866,10.);
#455=VECTOR('',#1869,10.);
#456=VECTOR('',#1870,10.);
#457=VECTOR('',#1871,10.);
#458=VECTOR('',#1878,10.);
#459=VECTOR('',#1881,10.);
#460=VECTOR('',#1882,10.);
#461=VECTOR('',#1883,10.);
#462=VECTOR('',#1890,10.);
#463=VECTOR('',#1893,10.);
#464=VECTOR('',#1894,10.);
#465=VECTOR('',#1895,10.);
#466=VECTOR('',#1902,10.);
#467=VECTOR('',#1905,10.);
#468=VECTOR('',#1906,10.);
#469=VECTOR('',#1907,10.);
#470=VECTOR('',#1914,10.);
#471=VECTOR('',#1917,10.);
#472=VECTOR('',#1918,10.);
#473=CIRCLE('',#1384,0.799999999999982);
#474=CIRCLE('',#1385,0.799999999999982);
#475=CIRCLE('',#1388,0.800000000000018);
#476=CIRCLE('',#1389,0.800000000000018);
#477=CIRCLE('',#1392,0.800000000000009);
#478=CIRCLE('',#1393,0.800000000000009);
#479=CIRCLE('',#1397,1.04999999999997);
#480=CIRCLE('',#1398,1.04999999999997);
#481=CIRCLE('',#1401,1.05000000000001);
#482=CIRCLE('',#1402,1.05000000000001);
#483=CIRCLE('',#1405,1.04999999999999);
#484=CIRCLE('',#1406,1.04999999999999);
#485=CIRCLE('',#1409,1.05000000000001);
#486=CIRCLE('',#1410,1.05000000000001);
#487=CIRCLE('',#1413,1.05000000000002);
#488=CIRCLE('',#1414,1.05000000000002);
#489=CIRCLE('',#1417,1.05000000000001);
#490=CIRCLE('',#1418,1.05000000000001);
#491=CIRCLE('',#1421,0.800000000000057);
#492=CIRCLE('',#1422,0.800000000000057);
#493=CIRCLE('',#1425,0.800000000000011);
#494=CIRCLE('',#1426,0.800000000000011);
#495=CIRCLE('',#1429,0.800000000000042);
#496=CIRCLE('',#1430,0.800000000000042);
#497=CIRCLE('',#1432,1.05000000000004);
#498=CIRCLE('',#1433,1.05000000000004);
#499=CIRCLE('',#1435,1.05000000000004);
#500=CIRCLE('',#1436,1.05000000000004);
#501=CIRCLE('',#1438,2.);
#502=CIRCLE('',#1439,2.);
#503=CIRCLE('',#1442,1.99999999999997);
#504=CIRCLE('',#1443,1.99999999999997);
#505=CIRCLE('',#1446,2.50000001026757);
#506=CIRCLE('',#1447,2.50000001026757);
#507=CIRCLE('',#1450,0.800000000000196);
#508=CIRCLE('',#1451,0.800000000000196);
#509=CIRCLE('',#1454,0.799999999999841);
#510=CIRCLE('',#1455,0.799999999999841);
#511=CIRCLE('',#1458,0.799999999999841);
#512=CIRCLE('',#1459,0.799999999999841);
#513=CIRCLE('',#1462,0.800000000000001);
#514=CIRCLE('',#1463,0.800000000000001);
#515=CIRCLE('',#1466,0.799999999999983);
#516=CIRCLE('',#1467,0.799999999999983);
#517=CIRCLE('',#1470,0.79999999999999);
#518=CIRCLE('',#1471,0.79999999999999);
#519=CIRCLE('',#1474,0.800000000000003);
#520=CIRCLE('',#1475,0.800000000000003);
#521=CIRCLE('',#1478,0.800000000000018);
#522=CIRCLE('',#1479,0.800000000000018);
#523=CIRCLE('',#1482,0.800000000000001);
#524=CIRCLE('',#1483,0.800000000000001);
#525=CIRCLE('',#1486,0.79999999999977);
#526=CIRCLE('',#1487,0.79999999999977);
#527=CIRCLE('',#1490,0.800000000000001);
#528=CIRCLE('',#1491,0.800000000000001);
#529=CIRCLE('',#1494,0.799999999999983);
#530=CIRCLE('',#1495,0.799999999999983);
#531=CIRCLE('',#1498,0.799999999999983);
#532=CIRCLE('',#1499,0.799999999999983);
#533=CIRCLE('',#1502,0.799999999999983);
#534=CIRCLE('',#1503,0.799999999999983);
#535=CIRCLE('',#1506,0.800000000000001);
#536=CIRCLE('',#1507,0.800000000000001);
#537=CIRCLE('',#1510,0.80000000000014);
#538=CIRCLE('',#1511,0.80000000000014);
#539=CIRCLE('',#1514,2.50000000782325);
#540=CIRCLE('',#1515,2.50000000782325);
#541=VERTEX_POINT('',#1925);
#542=VERTEX_POINT('',#1926);
#543=VERTEX_POINT('',#1928);
#544=VERTEX_POINT('',#1930);
#545=VERTEX_POINT('',#1934);
#546=VERTEX_POINT('',#1936);
#547=VERTEX_POINT('',#1940);
#548=VERTEX_POINT('',#1942);
#549=VERTEX_POINT('',#1946);
#550=VERTEX_POINT('',#1948);
#551=VERTEX_POINT('',#1952);
#552=VERTEX_POINT('',#1954);
#553=VERTEX_POINT('',#1961);
#554=VERTEX_POINT('',#1962);
#555=VERTEX_POINT('',#1964);
#556=VERTEX_POINT('',#1966);
#557=VERTEX_POINT('',#1970);
#558=VERTEX_POINT('',#1972);
#559=VERTEX_POINT('',#1976);
#560=VERTEX_POINT('',#1978);
#561=VERTEX_POINT('',#1985);
#562=VERTEX_POINT('',#1986);
#563=VERTEX_POINT('',#1988);
#564=VERTEX_POINT('',#1990);
#565=VERTEX_POINT('',#1994);
#566=VERTEX_POINT('',#1996);
#567=VERTEX_POINT('',#2000);
#568=VERTEX_POINT('',#2002);
#569=VERTEX_POINT('',#2009);
#570=VERTEX_POINT('',#2010);
#571=VERTEX_POINT('',#2012);
#572=VERTEX_POINT('',#2014);
#573=VERTEX_POINT('',#2018);
#574=VERTEX_POINT('',#2020);
#575=VERTEX_POINT('',#2024);
#576=VERTEX_POINT('',#2026);
#577=VERTEX_POINT('',#2033);
#578=VERTEX_POINT('',#2034);
#579=VERTEX_POINT('',#2036);
#580=VERTEX_POINT('',#2038);
#581=VERTEX_POINT('',#2042);
#582=VERTEX_POINT('',#2044);
#583=VERTEX_POINT('',#2048);
#584=VERTEX_POINT('',#2050);
#585=VERTEX_POINT('',#2054);
#586=VERTEX_POINT('',#2056);
#587=VERTEX_POINT('',#2060);
#588=VERTEX_POINT('',#2062);
#589=VERTEX_POINT('',#2069);
#590=VERTEX_POINT('',#2071);
#591=VERTEX_POINT('',#2075);
#592=VERTEX_POINT('',#2077);
#593=VERTEX_POINT('',#2081);
#594=VERTEX_POINT('',#2082);
#595=VERTEX_POINT('',#2084);
#596=VERTEX_POINT('',#2086);
#597=VERTEX_POINT('',#2090);
#598=VERTEX_POINT('',#2092);
#599=VERTEX_POINT('',#2096);
#600=VERTEX_POINT('',#2098);
#601=VERTEX_POINT('',#2102);
#602=VERTEX_POINT('',#2104);
#603=VERTEX_POINT('',#2108);
#604=VERTEX_POINT('',#2110);
#605=VERTEX_POINT('',#2114);
#606=VERTEX_POINT('',#2116);
#607=VERTEX_POINT('',#2120);
#608=VERTEX_POINT('',#2122);
#609=VERTEX_POINT('',#2126);
#610=VERTEX_POINT('',#2128);
#611=VERTEX_POINT('',#2132);
#612=VERTEX_POINT('',#2134);
#613=VERTEX_POINT('',#2138);
#614=VERTEX_POINT('',#2140);
#615=VERTEX_POINT('',#2144);
#616=VERTEX_POINT('',#2146);
#617=VERTEX_POINT('',#2150);
#618=VERTEX_POINT('',#2152);
#619=VERTEX_POINT('',#2156);
#620=VERTEX_POINT('',#2158);
#621=VERTEX_POINT('',#2162);
#622=VERTEX_POINT('',#2164);
#623=VERTEX_POINT('',#2168);
#624=VERTEX_POINT('',#2170);
#625=VERTEX_POINT('',#2174);
#626=VERTEX_POINT('',#2176);
#627=VERTEX_POINT('',#2180);
#628=VERTEX_POINT('',#2182);
#629=VERTEX_POINT('',#2186);
#630=VERTEX_POINT('',#2188);
#631=VERTEX_POINT('',#2192);
#632=VERTEX_POINT('',#2194);
#633=VERTEX_POINT('',#2198);
#634=VERTEX_POINT('',#2200);
#635=VERTEX_POINT('',#2204);
#636=VERTEX_POINT('',#2206);
#637=VERTEX_POINT('',#2210);
#638=VERTEX_POINT('',#2212);
#639=VERTEX_POINT('',#2216);
#640=VERTEX_POINT('',#2218);
#641=VERTEX_POINT('',#2222);
#642=VERTEX_POINT('',#2224);
#643=VERTEX_POINT('',#2228);
#644=VERTEX_POINT('',#2230);
#645=VERTEX_POINT('',#2234);
#646=VERTEX_POINT('',#2236);
#647=VERTEX_POINT('',#2240);
#648=VERTEX_POINT('',#2242);
#649=VERTEX_POINT('',#2246);
#650=VERTEX_POINT('',#2248);
#651=VERTEX_POINT('',#2252);
#652=VERTEX_POINT('',#2254);
#653=VERTEX_POINT('',#2258);
#654=VERTEX_POINT('',#2260);
#655=VERTEX_POINT('',#2264);
#656=VERTEX_POINT('',#2266);
#657=VERTEX_POINT('',#2270);
#658=VERTEX_POINT('',#2272);
#659=VERTEX_POINT('',#2276);
#660=VERTEX_POINT('',#2278);
#661=VERTEX_POINT('',#2282);
#662=VERTEX_POINT('',#2284);
#663=VERTEX_POINT('',#2288);
#664=VERTEX_POINT('',#2290);
#665=VERTEX_POINT('',#2294);
#666=VERTEX_POINT('',#2296);
#667=VERTEX_POINT('',#2300);
#668=VERTEX_POINT('',#2302);
#669=VERTEX_POINT('',#2306);
#670=VERTEX_POINT('',#2308);
#671=VERTEX_POINT('',#2312);
#672=VERTEX_POINT('',#2314);
#673=EDGE_CURVE('',#541,#542,#473,.T.);
#674=EDGE_CURVE('',#542,#543,#213,.T.);
#675=EDGE_CURVE('',#544,#543,#474,.T.);
#676=EDGE_CURVE('',#541,#544,#214,.T.);
#677=EDGE_CURVE('',#545,#541,#215,.T.);
#678=EDGE_CURVE('',#546,#544,#216,.T.);
#679=EDGE_CURVE('',#545,#546,#217,.T.);
#680=EDGE_CURVE('',#547,#545,#475,.T.);
#681=EDGE_CURVE('',#548,#546,#476,.T.);
#682=EDGE_CURVE('',#547,#548,#218,.T.);
#683=EDGE_CURVE('',#549,#547,#219,.T.);
#684=EDGE_CURVE('',#550,#548,#220,.T.);
#685=EDGE_CURVE('',#549,#550,#221,.T.);
#686=EDGE_CURVE('',#551,#549,#477,.T.);
#687=EDGE_CURVE('',#552,#550,#478,.T.);
#688=EDGE_CURVE('',#551,#552,#222,.T.);
#689=EDGE_CURVE('',#542,#551,#223,.T.);
#690=EDGE_CURVE('',#543,#552,#224,.T.);
#691=EDGE_CURVE('',#553,#554,#225,.T.);
#692=EDGE_CURVE('',#554,#555,#226,.T.);
#693=EDGE_CURVE('',#556,#555,#227,.T.);
#694=EDGE_CURVE('',#553,#556,#228,.T.);
#695=EDGE_CURVE('',#557,#553,#479,.T.);
#696=EDGE_CURVE('',#558,#556,#480,.T.);
#697=EDGE_CURVE('',#557,#558,#229,.T.);
#698=EDGE_CURVE('',#559,#557,#230,.T.);
#699=EDGE_CURVE('',#560,#558,#231,.T.);
#700=EDGE_CURVE('',#559,#560,#232,.T.);
#701=EDGE_CURVE('',#554,#559,#481,.T.);
#702=EDGE_CURVE('',#555,#560,#482,.T.);
#703=EDGE_CURVE('',#561,#562,#233,.T.);
#704=EDGE_CURVE('',#562,#563,#234,.T.);
#705=EDGE_CURVE('',#564,#563,#235,.T.);
#706=EDGE_CURVE('',#561,#564,#236,.T.);
#707=EDGE_CURVE('',#565,#561,#483,.T.);
#708=EDGE_CURVE('',#566,#564,#484,.T.);
#709=EDGE_CURVE('',#565,#566,#237,.T.);
#710=EDGE_CURVE('',#567,#565,#238,.T.);
#711=EDGE_CURVE('',#568,#566,#239,.T.);
#712=EDGE_CURVE('',#567,#568,#240,.T.);
#713=EDGE_CURVE('',#562,#567,#485,.T.);
#714=EDGE_CURVE('',#563,#568,#486,.T.);
#715=EDGE_CURVE('',#569,#570,#241,.T.);
#716=EDGE_CURVE('',#570,#571,#242,.T.);
#717=EDGE_CURVE('',#572,#571,#243,.T.);
#718=EDGE_CURVE('',#569,#572,#244,.T.);
#719=EDGE_CURVE('',#573,#569,#487,.T.);
#720=EDGE_CURVE('',#574,#572,#488,.T.);
#721=EDGE_CURVE('',#573,#574,#245,.T.);
#722=EDGE_CURVE('',#575,#573,#246,.T.);
#723=EDGE_CURVE('',#576,#574,#247,.T.);
#724=EDGE_CURVE('',#575,#576,#248,.T.);
#725=EDGE_CURVE('',#570,#575,#489,.T.);
#726=EDGE_CURVE('',#571,#576,#490,.T.);
#727=EDGE_CURVE('',#577,#578,#249,.T.);
#728=EDGE_CURVE('',#578,#579,#250,.T.);
#729=EDGE_CURVE('',#580,#579,#251,.T.);
#730=EDGE_CURVE('',#577,#580,#252,.T.);
#731=EDGE_CURVE('',#581,#577,#491,.T.);
#732=EDGE_CURVE('',#582,#580,#492,.T.);
#733=EDGE_CURVE('',#581,#582,#253,.T.);
#734=EDGE_CURVE('',#583,#581,#254,.T.);
#735=EDGE_CURVE('',#584,#582,#255,.T.);
#736=EDGE_CURVE('',#583,#584,#256,.T.);
#737=EDGE_CURVE('',#585,#583,#493,.T.);
#738=EDGE_CURVE('',#586,#584,#494,.T.);
#739=EDGE_CURVE('',#585,#586,#257,.T.);
#740=EDGE_CURVE('',#587,#585,#258,.T.);
#741=EDGE_CURVE('',#588,#586,#259,.T.);
#742=EDGE_CURVE('',#587,#588,#260,.T.);
#743=EDGE_CURVE('',#578,#587,#495,.T.);
#744=EDGE_CURVE('',#579,#588,#496,.T.);
#745=EDGE_CURVE('',#589,#589,#497,.T.);
#746=EDGE_CURVE('',#589,#590,#261,.T.);
#747=EDGE_CURVE('',#590,#590,#498,.T.);
#748=EDGE_CURVE('',#591,#591,#499,.T.);
#749=EDGE_CURVE('',#591,#592,#262,.T.);
#750=EDGE_CURVE('',#592,#592,#500,.T.);
#751=EDGE_CURVE('',#593,#594,#501,.T.);
#752=EDGE_CURVE('',#593,#595,#263,.T.);
#753=EDGE_CURVE('',#596,#595,#502,.T.);
#754=EDGE_CURVE('',#594,#596,#264,.T.);
#755=EDGE_CURVE('',#594,#597,#265,.T.);
#756=EDGE_CURVE('',#598,#596,#266,.T.);
#757=EDGE_CURVE('',#597,#598,#267,.T.);
#758=EDGE_CURVE('',#597,#599,#503,.T.);
#759=EDGE_CURVE('',#600,#598,#504,.T.);
#760=EDGE_CURVE('',#599,#600,#268,.T.);
#761=EDGE_CURVE('',#599,#601,#269,.T.);
#762=EDGE_CURVE('',#602,#600,#270,.T.);
#763=EDGE_CURVE('',#601,#602,#271,.T.);
#764=EDGE_CURVE('',#603,#601,#505,.T.);
#765=EDGE_CURVE('',#604,#602,#506,.T.);
#766=EDGE_CURVE('',#603,#604,#272,.T.);
#767=EDGE_CURVE('',#605,#603,#273,.T.);
#768=EDGE_CURVE('',#606,#604,#274,.T.);
#769=EDGE_CURVE('',#605,#606,#275,.T.);
#770=EDGE_CURVE('',#607,#605,#507,.T.);
#771=EDGE_CURVE('',#608,#606,#508,.T.);
#772=EDGE_CURVE('',#607,#608,#276,.T.);
#773=EDGE_CURVE('',#609,#607,#277,.T.);
#774=EDGE_CURVE('',#610,#608,#278,.T.);
#775=EDGE_CURVE('',#609,#610,#279,.T.);
#776=EDGE_CURVE('',#609,#611,#509,.T.);
#777=EDGE_CURVE('',#612,#610,#510,.T.);
#778=EDGE_CURVE('',#611,#612,#280,.T.);
#779=EDGE_CURVE('',#611,#613,#281,.T.);
#780=EDGE_CURVE('',#614,#612,#282,.T.);
#781=EDGE_CURVE('',#613,#614,#283,.T.);
#782=EDGE_CURVE('',#613,#615,#511,.T.);
#783=EDGE_CURVE('',#616,#614,#512,.T.);
#784=EDGE_CURVE('',#615,#616,#284,.T.);
#785=EDGE_CURVE('',#617,#615,#285,.T.);
#786=EDGE_CURVE('',#618,#616,#286,.T.);
#787=EDGE_CURVE('',#617,#618,#287,.T.);
#788=EDGE_CURVE('',#619,#617,#513,.T.);
#789=EDGE_CURVE('',#620,#618,#514,.T.);
#790=EDGE_CURVE('',#619,#620,#288,.T.);
#791=EDGE_CURVE('',#621,#619,#289,.T.);
#792=EDGE_CURVE('',#622,#620,#290,.T.);
#793=EDGE_CURVE('',#621,#622,#291,.T.);
#794=EDGE_CURVE('',#623,#621,#515,.T.);
#795=EDGE_CURVE('',#624,#622,#516,.T.);
#796=EDGE_CURVE('',#623,#624,#292,.T.);
#797=EDGE_CURVE('',#625,#623,#293,.T.);
#798=EDGE_CURVE('',#626,#624,#294,.T.);
#799=EDGE_CURVE('',#625,#626,#295,.T.);
#800=EDGE_CURVE('',#627,#625,#517,.T.);
#801=EDGE_CURVE('',#628,#626,#518,.T.);
#802=EDGE_CURVE('',#627,#628,#296,.T.);
#803=EDGE_CURVE('',#629,#627,#297,.T.);
#804=EDGE_CURVE('',#630,#628,#298,.T.);
#805=EDGE_CURVE('',#629,#630,#299,.T.);
#806=EDGE_CURVE('',#629,#631,#519,.T.);
#807=EDGE_CURVE('',#632,#630,#520,.T.);
#808=EDGE_CURVE('',#631,#632,#300,.T.);
#809=EDGE_CURVE('',#633,#631,#301,.T.);
#810=EDGE_CURVE('',#634,#632,#302,.T.);
#811=EDGE_CURVE('',#633,#634,#303,.T.);
#812=EDGE_CURVE('',#633,#635,#521,.T.);
#813=EDGE_CURVE('',#636,#634,#522,.T.);
#814=EDGE_CURVE('',#635,#636,#304,.T.);
#815=EDGE_CURVE('',#637,#635,#305,.T.);
#816=EDGE_CURVE('',#638,#636,#306,.T.);
#817=EDGE_CURVE('',#637,#638,#307,.T.);
#818=EDGE_CURVE('',#639,#637,#523,.T.);
#819=EDGE_CURVE('',#640,#638,#524,.T.);
#820=EDGE_CURVE('',#639,#640,#308,.T.);
#821=EDGE_CURVE('',#641,#639,#309,.T.);
#822=EDGE_CURVE('',#642,#640,#310,.T.);
#823=EDGE_CURVE('',#641,#642,#311,.T.);
#824=EDGE_CURVE('',#641,#643,#525,.T.);
#825=EDGE_CURVE('',#644,#642,#526,.T.);
#826=EDGE_CURVE('',#643,#644,#312,.T.);
#827=EDGE_CURVE('',#645,#643,#313,.T.);
#828=EDGE_CURVE('',#646,#644,#314,.T.);
#829=EDGE_CURVE('',#645,#646,#315,.T.);
#830=EDGE_CURVE('',#647,#645,#527,.T.);
#831=EDGE_CURVE('',#648,#646,#528,.T.);
#832=EDGE_CURVE('',#647,#648,#316,.T.);
#833=EDGE_CURVE('',#649,#647,#317,.T.);
#834=EDGE_CURVE('',#650,#648,#318,.T.);
#835=EDGE_CURVE('',#649,#650,#319,.T.);
#836=EDGE_CURVE('',#651,#649,#529,.T.);
#837=EDGE_CURVE('',#652,#650,#530,.T.);
#838=EDGE_CURVE('',#651,#652,#320,.T.);
#839=EDGE_CURVE('',#653,#651,#321,.T.);
#840=EDGE_CURVE('',#654,#652,#322,.T.);
#841=EDGE_CURVE('',#653,#654,#323,.T.);
#842=EDGE_CURVE('',#653,#655,#531,.T.);
#843=EDGE_CURVE('',#656,#654,#532,.T.);
#844=EDGE_CURVE('',#655,#656,#324,.T.);
#845=EDGE_CURVE('',#657,#655,#325,.T.);
#846=EDGE_CURVE('',#658,#656,#326,.T.);
#847=EDGE_CURVE('',#657,#658,#327,.T.);
#848=EDGE_CURVE('',#657,#659,#533,.T.);
#849=EDGE_CURVE('',#660,#658,#534,.T.);
#850=EDGE_CURVE('',#659,#660,#328,.T.);
#851=EDGE_CURVE('',#659,#661,#329,.T.);
#852=EDGE_CURVE('',#662,#660,#330,.T.);
#853=EDGE_CURVE('',#661,#662,#331,.T.);
#854=EDGE_CURVE('',#663,#661,#535,.T.);
#855=EDGE_CURVE('',#664,#662,#536,.T.);
#856=EDGE_CURVE('',#663,#664,#332,.T.);
#857=EDGE_CURVE('',#663,#665,#333,.T.);
#858=EDGE_CURVE('',#666,#664,#334,.T.);
#859=EDGE_CURVE('',#665,#666,#335,.T.);
#860=EDGE_CURVE('',#667,#665,#537,.T.);
#861=EDGE_CURVE('',#668,#666,#538,.T.);
#862=EDGE_CURVE('',#667,#668,#336,.T.);
#863=EDGE_CURVE('',#667,#669,#337,.T.);
#864=EDGE_CURVE('',#670,#668,#338,.T.);
#865=EDGE_CURVE('',#669,#670,#339,.T.);
#866=EDGE_CURVE('',#671,#669,#539,.T.);
#867=EDGE_CURVE('',#672,#670,#540,.T.);
#868=EDGE_CURVE('',#671,#672,#340,.T.);
#869=EDGE_CURVE('',#593,#671,#341,.T.);
#870=EDGE_CURVE('',#595,#672,#342,.T.);
#871=ORIENTED_EDGE('',*,*,#673,.T.);
#872=ORIENTED_EDGE('',*,*,#674,.T.);
#873=ORIENTED_EDGE('',*,*,#675,.F.);
#874=ORIENTED_EDGE('',*,*,#676,.F.);
#875=ORIENTED_EDGE('',*,*,#677,.T.);
#876=ORIENTED_EDGE('',*,*,#676,.T.);
#877=ORIENTED_EDGE('',*,*,#678,.F.);
#878=ORIENTED_EDGE('',*,*,#679,.F.);
#879=ORIENTED_EDGE('',*,*,#680,.T.);
#880=ORIENTED_EDGE('',*,*,#679,.T.);
#881=ORIENTED_EDGE('',*,*,#681,.F.);
#882=ORIENTED_EDGE('',*,*,#682,.F.);
#883=ORIENTED_EDGE('',*,*,#683,.T.);
#884=ORIENTED_EDGE('',*,*,#682,.T.);
#885=ORIENTED_EDGE('',*,*,#684,.F.);
#886=ORIENTED_EDGE('',*,*,#685,.F.);
#887=ORIENTED_EDGE('',*,*,#686,.T.);
#888=ORIENTED_EDGE('',*,*,#685,.T.);
#889=ORIENTED_EDGE('',*,*,#687,.F.);
#890=ORIENTED_EDGE('',*,*,#688,.F.);
#891=ORIENTED_EDGE('',*,*,#689,.T.);
#892=ORIENTED_EDGE('',*,*,#688,.T.);
#893=ORIENTED_EDGE('',*,*,#690,.F.);
#894=ORIENTED_EDGE('',*,*,#674,.F.);
#895=ORIENTED_EDGE('',*,*,#691,.T.);
#896=ORIENTED_EDGE('',*,*,#692,.T.);
#897=ORIENTED_EDGE('',*,*,#693,.F.);
#898=ORIENTED_EDGE('',*,*,#694,.F.);
#899=ORIENTED_EDGE('',*,*,#695,.T.);
#900=ORIENTED_EDGE('',*,*,#694,.T.);
#901=ORIENTED_EDGE('',*,*,#696,.F.);
#902=ORIENTED_EDGE('',*,*,#697,.F.);
#903=ORIENTED_EDGE('',*,*,#698,.T.);
#904=ORIENTED_EDGE('',*,*,#697,.T.);
#905=ORIENTED_EDGE('',*,*,#699,.F.);
#906=ORIENTED_EDGE('',*,*,#700,.F.);
#907=ORIENTED_EDGE('',*,*,#701,.T.);
#908=ORIENTED_EDGE('',*,*,#700,.T.);
#909=ORIENTED_EDGE('',*,*,#702,.F.);
#910=ORIENTED_EDGE('',*,*,#692,.F.);
#911=ORIENTED_EDGE('',*,*,#703,.T.);
#912=ORIENTED_EDGE('',*,*,#704,.T.);
#913=ORIENTED_EDGE('',*,*,#705,.F.);
#914=ORIENTED_EDGE('',*,*,#706,.F.);
#915=ORIENTED_EDGE('',*,*,#707,.T.);
#916=ORIENTED_EDGE('',*,*,#706,.T.);
#917=ORIENTED_EDGE('',*,*,#708,.F.);
#918=ORIENTED_EDGE('',*,*,#709,.F.);
#919=ORIENTED_EDGE('',*,*,#710,.T.);
#920=ORIENTED_EDGE('',*,*,#709,.T.);
#921=ORIENTED_EDGE('',*,*,#711,.F.);
#922=ORIENTED_EDGE('',*,*,#712,.F.);
#923=ORIENTED_EDGE('',*,*,#713,.T.);
#924=ORIENTED_EDGE('',*,*,#712,.T.);
#925=ORIENTED_EDGE('',*,*,#714,.F.);
#926=ORIENTED_EDGE('',*,*,#704,.F.);
#927=ORIENTED_EDGE('',*,*,#715,.T.);
#928=ORIENTED_EDGE('',*,*,#716,.T.);
#929=ORIENTED_EDGE('',*,*,#717,.F.);
#930=ORIENTED_EDGE('',*,*,#718,.F.);
#931=ORIENTED_EDGE('',*,*,#719,.T.);
#932=ORIENTED_EDGE('',*,*,#718,.T.);
#933=ORIENTED_EDGE('',*,*,#720,.F.);
#934=ORIENTED_EDGE('',*,*,#721,.F.);
#935=ORIENTED_EDGE('',*,*,#722,.T.);
#936=ORIENTED_EDGE('',*,*,#721,.T.);
#937=ORIENTED_EDGE('',*,*,#723,.F.);
#938=ORIENTED_EDGE('',*,*,#724,.F.);
#939=ORIENTED_EDGE('',*,*,#725,.T.);
#940=ORIENTED_EDGE('',*,*,#724,.T.);
#941=ORIENTED_EDGE('',*,*,#726,.F.);
#942=ORIENTED_EDGE('',*,*,#716,.F.);
#943=ORIENTED_EDGE('',*,*,#727,.T.);
#944=ORIENTED_EDGE('',*,*,#728,.T.);
#945=ORIENTED_EDGE('',*,*,#729,.F.);
#946=ORIENTED_EDGE('',*,*,#730,.F.);
#947=ORIENTED_EDGE('',*,*,#731,.T.);
#948=ORIENTED_EDGE('',*,*,#730,.T.);
#949=ORIENTED_EDGE('',*,*,#732,.F.);
#950=ORIENTED_EDGE('',*,*,#733,.F.);
#951=ORIENTED_EDGE('',*,*,#734,.T.);
#952=ORIENTED_EDGE('',*,*,#733,.T.);
#953=ORIENTED_EDGE('',*,*,#735,.F.);
#954=ORIENTED_EDGE('',*,*,#736,.F.);
#955=ORIENTED_EDGE('',*,*,#737,.T.);
#956=ORIENTED_EDGE('',*,*,#736,.T.);
#957=ORIENTED_EDGE('',*,*,#738,.F.);
#958=ORIENTED_EDGE('',*,*,#739,.F.);
#959=ORIENTED_EDGE('',*,*,#740,.T.);
#960=ORIENTED_EDGE('',*,*,#739,.T.);
#961=ORIENTED_EDGE('',*,*,#741,.F.);
#962=ORIENTED_EDGE('',*,*,#742,.F.);
#963=ORIENTED_EDGE('',*,*,#743,.T.);
#964=ORIENTED_EDGE('',*,*,#742,.T.);
#965=ORIENTED_EDGE('',*,*,#744,.F.);
#966=ORIENTED_EDGE('',*,*,#728,.F.);
#967=ORIENTED_EDGE('',*,*,#745,.F.);
#968=ORIENTED_EDGE('',*,*,#746,.T.);
#969=ORIENTED_EDGE('',*,*,#747,.T.);
#970=ORIENTED_EDGE('',*,*,#746,.F.);
#971=ORIENTED_EDGE('',*,*,#748,.F.);
#972=ORIENTED_EDGE('',*,*,#749,.T.);
#973=ORIENTED_EDGE('',*,*,#750,.T.);
#974=ORIENTED_EDGE('',*,*,#749,.F.);
#975=ORIENTED_EDGE('',*,*,#751,.F.);
#976=ORIENTED_EDGE('',*,*,#752,.T.);
#977=ORIENTED_EDGE('',*,*,#753,.F.);
#978=ORIENTED_EDGE('',*,*,#754,.F.);
#979=ORIENTED_EDGE('',*,*,#755,.F.);
#980=ORIENTED_EDGE('',*,*,#754,.T.);
#981=ORIENTED_EDGE('',*,*,#756,.F.);
#982=ORIENTED_EDGE('',*,*,#757,.F.);
#983=ORIENTED_EDGE('',*,*,#758,.F.);
#984=ORIENTED_EDGE('',*,*,#757,.T.);
#985=ORIENTED_EDGE('',*,*,#759,.F.);
#986=ORIENTED_EDGE('',*,*,#760,.F.);
#987=ORIENTED_EDGE('',*,*,#761,.F.);
#988=ORIENTED_EDGE('',*,*,#760,.T.);
#989=ORIENTED_EDGE('',*,*,#762,.F.);
#990=ORIENTED_EDGE('',*,*,#763,.F.);
#991=ORIENTED_EDGE('',*,*,#764,.T.);
#992=ORIENTED_EDGE('',*,*,#763,.T.);
#993=ORIENTED_EDGE('',*,*,#765,.F.);
#994=ORIENTED_EDGE('',*,*,#766,.F.);
#995=ORIENTED_EDGE('',*,*,#767,.T.);
#996=ORIENTED_EDGE('',*,*,#766,.T.);
#997=ORIENTED_EDGE('',*,*,#768,.F.);
#998=ORIENTED_EDGE('',*,*,#769,.F.);
#999=ORIENTED_EDGE('',*,*,#770,.T.);
#1000=ORIENTED_EDGE('',*,*,#769,.T.);
#1001=ORIENTED_EDGE('',*,*,#771,.F.);
#1002=ORIENTED_EDGE('',*,*,#772,.F.);
#1003=ORIENTED_EDGE('',*,*,#773,.T.);
#1004=ORIENTED_EDGE('',*,*,#772,.T.);
#1005=ORIENTED_EDGE('',*,*,#774,.F.);
#1006=ORIENTED_EDGE('',*,*,#775,.F.);
#1007=ORIENTED_EDGE('',*,*,#776,.F.);
#1008=ORIENTED_EDGE('',*,*,#775,.T.);
#1009=ORIENTED_EDGE('',*,*,#777,.F.);
#1010=ORIENTED_EDGE('',*,*,#778,.F.);
#1011=ORIENTED_EDGE('',*,*,#779,.F.);
#1012=ORIENTED_EDGE('',*,*,#778,.T.);
#1013=ORIENTED_EDGE('',*,*,#780,.F.);
#1014=ORIENTED_EDGE('',*,*,#781,.F.);
#1015=ORIENTED_EDGE('',*,*,#782,.F.);
#1016=ORIENTED_EDGE('',*,*,#781,.T.);
#1017=ORIENTED_EDGE('',*,*,#783,.F.);
#1018=ORIENTED_EDGE('',*,*,#784,.F.);
#1019=ORIENTED_EDGE('',*,*,#785,.T.);
#1020=ORIENTED_EDGE('',*,*,#784,.T.);
#1021=ORIENTED_EDGE('',*,*,#786,.F.);
#1022=ORIENTED_EDGE('',*,*,#787,.F.);
#1023=ORIENTED_EDGE('',*,*,#788,.T.);
#1024=ORIENTED_EDGE('',*,*,#787,.T.);
#1025=ORIENTED_EDGE('',*,*,#789,.F.);
#1026=ORIENTED_EDGE('',*,*,#790,.F.);
#1027=ORIENTED_EDGE('',*,*,#791,.T.);
#1028=ORIENTED_EDGE('',*,*,#790,.T.);
#1029=ORIENTED_EDGE('',*,*,#792,.F.);
#1030=ORIENTED_EDGE('',*,*,#793,.F.);
#1031=ORIENTED_EDGE('',*,*,#794,.T.);
#1032=ORIENTED_EDGE('',*,*,#793,.T.);
#1033=ORIENTED_EDGE('',*,*,#795,.F.);
#1034=ORIENTED_EDGE('',*,*,#796,.F.);
#1035=ORIENTED_EDGE('',*,*,#797,.T.);
#1036=ORIENTED_EDGE('',*,*,#796,.T.);
#1037=ORIENTED_EDGE('',*,*,#798,.F.);
#1038=ORIENTED_EDGE('',*,*,#799,.F.);
#1039=ORIENTED_EDGE('',*,*,#800,.T.);
#1040=ORIENTED_EDGE('',*,*,#799,.T.);
#1041=ORIENTED_EDGE('',*,*,#801,.F.);
#1042=ORIENTED_EDGE('',*,*,#802,.F.);
#1043=ORIENTED_EDGE('',*,*,#803,.T.);
#1044=ORIENTED_EDGE('',*,*,#802,.T.);
#1045=ORIENTED_EDGE('',*,*,#804,.F.);
#1046=ORIENTED_EDGE('',*,*,#805,.F.);
#1047=ORIENTED_EDGE('',*,*,#806,.F.);
#1048=ORIENTED_EDGE('',*,*,#805,.T.);
#1049=ORIENTED_EDGE('',*,*,#807,.F.);
#1050=ORIENTED_EDGE('',*,*,#808,.F.);
#1051=ORIENTED_EDGE('',*,*,#809,.T.);
#1052=ORIENTED_EDGE('',*,*,#808,.T.);
#1053=ORIENTED_EDGE('',*,*,#810,.F.);
#1054=ORIENTED_EDGE('',*,*,#811,.F.);
#1055=ORIENTED_EDGE('',*,*,#812,.F.);
#1056=ORIENTED_EDGE('',*,*,#811,.T.);
#1057=ORIENTED_EDGE('',*,*,#813,.F.);
#1058=ORIENTED_EDGE('',*,*,#814,.F.);
#1059=ORIENTED_EDGE('',*,*,#815,.T.);
#1060=ORIENTED_EDGE('',*,*,#814,.T.);
#1061=ORIENTED_EDGE('',*,*,#816,.F.);
#1062=ORIENTED_EDGE('',*,*,#817,.F.);
#1063=ORIENTED_EDGE('',*,*,#818,.T.);
#1064=ORIENTED_EDGE('',*,*,#817,.T.);
#1065=ORIENTED_EDGE('',*,*,#819,.F.);
#1066=ORIENTED_EDGE('',*,*,#820,.F.);
#1067=ORIENTED_EDGE('',*,*,#821,.T.);
#1068=ORIENTED_EDGE('',*,*,#820,.T.);
#1069=ORIENTED_EDGE('',*,*,#822,.F.);
#1070=ORIENTED_EDGE('',*,*,#823,.F.);
#1071=ORIENTED_EDGE('',*,*,#824,.F.);
#1072=ORIENTED_EDGE('',*,*,#823,.T.);
#1073=ORIENTED_EDGE('',*,*,#825,.F.);
#1074=ORIENTED_EDGE('',*,*,#826,.F.);
#1075=ORIENTED_EDGE('',*,*,#827,.T.);
#1076=ORIENTED_EDGE('',*,*,#826,.T.);
#1077=ORIENTED_EDGE('',*,*,#828,.F.);
#1078=ORIENTED_EDGE('',*,*,#829,.F.);
#1079=ORIENTED_EDGE('',*,*,#830,.T.);
#1080=ORIENTED_EDGE('',*,*,#829,.T.);
#1081=ORIENTED_EDGE('',*,*,#831,.F.);
#1082=ORIENTED_EDGE('',*,*,#832,.F.);
#1083=ORIENTED_EDGE('',*,*,#833,.T.);
#1084=ORIENTED_EDGE('',*,*,#832,.T.);
#1085=ORIENTED_EDGE('',*,*,#834,.F.);
#1086=ORIENTED_EDGE('',*,*,#835,.F.);
#1087=ORIENTED_EDGE('',*,*,#836,.T.);
#1088=ORIENTED_EDGE('',*,*,#835,.T.);
#1089=ORIENTED_EDGE('',*,*,#837,.F.);
#1090=ORIENTED_EDGE('',*,*,#838,.F.);
#1091=ORIENTED_EDGE('',*,*,#839,.T.);
#1092=ORIENTED_EDGE('',*,*,#838,.T.);
#1093=ORIENTED_EDGE('',*,*,#840,.F.);
#1094=ORIENTED_EDGE('',*,*,#841,.F.);
#1095=ORIENTED_EDGE('',*,*,#842,.F.);
#1096=ORIENTED_EDGE('',*,*,#841,.T.);
#1097=ORIENTED_EDGE('',*,*,#843,.F.);
#1098=ORIENTED_EDGE('',*,*,#844,.F.);
#1099=ORIENTED_EDGE('',*,*,#845,.T.);
#1100=ORIENTED_EDGE('',*,*,#844,.T.);
#1101=ORIENTED_EDGE('',*,*,#846,.F.);
#1102=ORIENTED_EDGE('',*,*,#847,.F.);
#1103=ORIENTED_EDGE('',*,*,#848,.F.);
#1104=ORIENTED_EDGE('',*,*,#847,.T.);
#1105=ORIENTED_EDGE('',*,*,#849,.F.);
#1106=ORIENTED_EDGE('',*,*,#850,.F.);
#1107=ORIENTED_EDGE('',*,*,#851,.F.);
#1108=ORIENTED_EDGE('',*,*,#850,.T.);
#1109=ORIENTED_EDGE('',*,*,#852,.F.);
#1110=ORIENTED_EDGE('',*,*,#853,.F.);
#1111=ORIENTED_EDGE('',*,*,#854,.T.);
#1112=ORIENTED_EDGE('',*,*,#853,.T.);
#1113=ORIENTED_EDGE('',*,*,#855,.F.);
#1114=ORIENTED_EDGE('',*,*,#856,.F.);
#1115=ORIENTED_EDGE('',*,*,#857,.F.);
#1116=ORIENTED_EDGE('',*,*,#856,.T.);
#1117=ORIENTED_EDGE('',*,*,#858,.F.);
#1118=ORIENTED_EDGE('',*,*,#859,.F.);
#1119=ORIENTED_EDGE('',*,*,#860,.T.);
#1120=ORIENTED_EDGE('',*,*,#859,.T.);
#1121=ORIENTED_EDGE('',*,*,#861,.F.);
#1122=ORIENTED_EDGE('',*,*,#862,.F.);
#1123=ORIENTED_EDGE('',*,*,#863,.F.);
#1124=ORIENTED_EDGE('',*,*,#862,.T.);
#1125=ORIENTED_EDGE('',*,*,#864,.F.);
#1126=ORIENTED_EDGE('',*,*,#865,.F.);
#1127=ORIENTED_EDGE('',*,*,#866,.T.);
#1128=ORIENTED_EDGE('',*,*,#865,.T.);
#1129=ORIENTED_EDGE('',*,*,#867,.F.);
#1130=ORIENTED_EDGE('',*,*,#868,.F.);
#1131=ORIENTED_EDGE('',*,*,#869,.T.);
#1132=ORIENTED_EDGE('',*,*,#868,.T.);
#1133=ORIENTED_EDGE('',*,*,#870,.F.);
#1134=ORIENTED_EDGE('',*,*,#752,.F.);
#1135=ORIENTED_EDGE('',*,*,#870,.T.);
#1136=ORIENTED_EDGE('',*,*,#867,.T.);
#1137=ORIENTED_EDGE('',*,*,#864,.T.);
#1138=ORIENTED_EDGE('',*,*,#861,.T.);
#1139=ORIENTED_EDGE('',*,*,#858,.T.);
#1140=ORIENTED_EDGE('',*,*,#855,.T.);
#1141=ORIENTED_EDGE('',*,*,#852,.T.);
#1142=ORIENTED_EDGE('',*,*,#849,.T.);
#1143=ORIENTED_EDGE('',*,*,#846,.T.);
#1144=ORIENTED_EDGE('',*,*,#843,.T.);
#1145=ORIENTED_EDGE('',*,*,#840,.T.);
#1146=ORIENTED_EDGE('',*,*,#837,.T.);
#1147=ORIENTED_EDGE('',*,*,#834,.T.);
#1148=ORIENTED_EDGE('',*,*,#831,.T.);
#1149=ORIENTED_EDGE('',*,*,#828,.T.);
#1150=ORIENTED_EDGE('',*,*,#825,.T.);
#1151=ORIENTED_EDGE('',*,*,#822,.T.);
#1152=ORIENTED_EDGE('',*,*,#819,.T.);
#1153=ORIENTED_EDGE('',*,*,#816,.T.);
#1154=ORIENTED_EDGE('',*,*,#813,.T.);
#1155=ORIENTED_EDGE('',*,*,#810,.T.);
#1156=ORIENTED_EDGE('',*,*,#807,.T.);
#1157=ORIENTED_EDGE('',*,*,#804,.T.);
#1158=ORIENTED_EDGE('',*,*,#801,.T.);
#1159=ORIENTED_EDGE('',*,*,#798,.T.);
#1160=ORIENTED_EDGE('',*,*,#795,.T.);
#1161=ORIENTED_EDGE('',*,*,#792,.T.);
#1162=ORIENTED_EDGE('',*,*,#789,.T.);
#1163=ORIENTED_EDGE('',*,*,#786,.T.);
#1164=ORIENTED_EDGE('',*,*,#783,.T.);
#1165=ORIENTED_EDGE('',*,*,#780,.T.);
#1166=ORIENTED_EDGE('',*,*,#777,.T.);
#1167=ORIENTED_EDGE('',*,*,#774,.T.);
#1168=ORIENTED_EDGE('',*,*,#771,.T.);
#1169=ORIENTED_EDGE('',*,*,#768,.T.);
#1170=ORIENTED_EDGE('',*,*,#765,.T.);
#1171=ORIENTED_EDGE('',*,*,#762,.T.);
#1172=ORIENTED_EDGE('',*,*,#759,.T.);
#1173=ORIENTED_EDGE('',*,*,#756,.T.);
#1174=ORIENTED_EDGE('',*,*,#753,.T.);
#1175=ORIENTED_EDGE('',*,*,#748,.T.);
#1176=ORIENTED_EDGE('',*,*,#745,.T.);
#1177=ORIENTED_EDGE('',*,*,#744,.T.);
#1178=ORIENTED_EDGE('',*,*,#741,.T.);
#1179=ORIENTED_EDGE('',*,*,#738,.T.);
#1180=ORIENTED_EDGE('',*,*,#735,.T.);
#1181=ORIENTED_EDGE('',*,*,#732,.T.);
#1182=ORIENTED_EDGE('',*,*,#729,.T.);
#1183=ORIENTED_EDGE('',*,*,#726,.T.);
#1184=ORIENTED_EDGE('',*,*,#723,.T.);
#1185=ORIENTED_EDGE('',*,*,#720,.T.);
#1186=ORIENTED_EDGE('',*,*,#717,.T.);
#1187=ORIENTED_EDGE('',*,*,#714,.T.);
#1188=ORIENTED_EDGE('',*,*,#711,.T.);
#1189=ORIENTED_EDGE('',*,*,#708,.T.);
#1190=ORIENTED_EDGE('',*,*,#705,.T.);
#1191=ORIENTED_EDGE('',*,*,#702,.T.);
#1192=ORIENTED_EDGE('',*,*,#699,.T.);
#1193=ORIENTED_EDGE('',*,*,#696,.T.);
#1194=ORIENTED_EDGE('',*,*,#693,.T.);
#1195=ORIENTED_EDGE('',*,*,#690,.T.);
#1196=ORIENTED_EDGE('',*,*,#687,.T.);
#1197=ORIENTED_EDGE('',*,*,#684,.T.);
#1198=ORIENTED_EDGE('',*,*,#681,.T.);
#1199=ORIENTED_EDGE('',*,*,#678,.T.);
#1200=ORIENTED_EDGE('',*,*,#675,.T.);
#1201=ORIENTED_EDGE('',*,*,#869,.F.);
#1202=ORIENTED_EDGE('',*,*,#751,.T.);
#1203=ORIENTED_EDGE('',*,*,#755,.T.);
#1204=ORIENTED_EDGE('',*,*,#758,.T.);
#1205=ORIENTED_EDGE('',*,*,#761,.T.);
#1206=ORIENTED_EDGE('',*,*,#764,.F.);
#1207=ORIENTED_EDGE('',*,*,#767,.F.);
#1208=ORIENTED_EDGE('',*,*,#770,.F.);
#1209=ORIENTED_EDGE('',*,*,#773,.F.);
#1210=ORIENTED_EDGE('',*,*,#776,.T.);
#1211=ORIENTED_EDGE('',*,*,#779,.T.);
#1212=ORIENTED_EDGE('',*,*,#782,.T.);
#1213=ORIENTED_EDGE('',*,*,#785,.F.);
#1214=ORIENTED_EDGE('',*,*,#788,.F.);
#1215=ORIENTED_EDGE('',*,*,#791,.F.);
#1216=ORIENTED_EDGE('',*,*,#794,.F.);
#1217=ORIENTED_EDGE('',*,*,#797,.F.);
#1218=ORIENTED_EDGE('',*,*,#800,.F.);
#1219=ORIENTED_EDGE('',*,*,#803,.F.);
#1220=ORIENTED_EDGE('',*,*,#806,.T.);
#1221=ORIENTED_EDGE('',*,*,#809,.F.);
#1222=ORIENTED_EDGE('',*,*,#812,.T.);
#1223=ORIENTED_EDGE('',*,*,#815,.F.);
#1224=ORIENTED_EDGE('',*,*,#818,.F.);
#1225=ORIENTED_EDGE('',*,*,#821,.F.);
#1226=ORIENTED_EDGE('',*,*,#824,.T.);
#1227=ORIENTED_EDGE('',*,*,#827,.F.);
#1228=ORIENTED_EDGE('',*,*,#830,.F.);
#1229=ORIENTED_EDGE('',*,*,#833,.F.);
#1230=ORIENTED_EDGE('',*,*,#836,.F.);
#1231=ORIENTED_EDGE('',*,*,#839,.F.);
#1232=ORIENTED_EDGE('',*,*,#842,.T.);
#1233=ORIENTED_EDGE('',*,*,#845,.F.);
#1234=ORIENTED_EDGE('',*,*,#848,.T.);
#1235=ORIENTED_EDGE('',*,*,#851,.T.);
#1236=ORIENTED_EDGE('',*,*,#854,.F.);
#1237=ORIENTED_EDGE('',*,*,#857,.T.);
#1238=ORIENTED_EDGE('',*,*,#860,.F.);
#1239=ORIENTED_EDGE('',*,*,#863,.T.);
#1240=ORIENTED_EDGE('',*,*,#866,.F.);
#1241=ORIENTED_EDGE('',*,*,#750,.F.);
#1242=ORIENTED_EDGE('',*,*,#747,.F.);
#1243=ORIENTED_EDGE('',*,*,#743,.F.);
#1244=ORIENTED_EDGE('',*,*,#727,.F.);
#1245=ORIENTED_EDGE('',*,*,#731,.F.);
#1246=ORIENTED_EDGE('',*,*,#734,.F.);
#1247=ORIENTED_EDGE('',*,*,#737,.F.);
#1248=ORIENTED_EDGE('',*,*,#740,.F.);
#1249=ORIENTED_EDGE('',*,*,#725,.F.);
#1250=ORIENTED_EDGE('',*,*,#715,.F.);
#1251=ORIENTED_EDGE('',*,*,#719,.F.);
#1252=ORIENTED_EDGE('',*,*,#722,.F.);
#1253=ORIENTED_EDGE('',*,*,#713,.F.);
#1254=ORIENTED_EDGE('',*,*,#703,.F.);
#1255=ORIENTED_EDGE('',*,*,#707,.F.);
#1256=ORIENTED_EDGE('',*,*,#710,.F.);
#1257=ORIENTED_EDGE('',*,*,#701,.F.);
#1258=ORIENTED_EDGE('',*,*,#691,.F.);
#1259=ORIENTED_EDGE('',*,*,#695,.F.);
#1260=ORIENTED_EDGE('',*,*,#698,.F.);
#1261=ORIENTED_EDGE('',*,*,#689,.F.);
#1262=ORIENTED_EDGE('',*,*,#673,.F.);
#1263=ORIENTED_EDGE('',*,*,#677,.F.);
#1264=ORIENTED_EDGE('',*,*,#680,.F.);
#1265=ORIENTED_EDGE('',*,*,#683,.F.);
#1266=ORIENTED_EDGE('',*,*,#686,.F.);
#1267=CYLINDRICAL_SURFACE('',#1383,0.799999999999982);
#1268=CYLINDRICAL_SURFACE('',#1387,0.800000000000018);
#1269=CYLINDRICAL_SURFACE('',#1391,0.800000000000009);
#1270=CYLINDRICAL_SURFACE('',#1396,1.04999999999997);
#1271=CYLINDRICAL_SURFACE('',#1400,1.05000000000001);
#1272=CYLINDRICAL_SURFACE('',#1404,1.04999999999999);
#1273=CYLINDRICAL_SURFACE('',#1408,1.05000000000001);
#1274=CYLINDRICAL_SURFACE('',#1412,1.05000000000002);
#1275=CYLINDRICAL_SURFACE('',#1416,1.05000000000001);
#1276=CYLINDRICAL_SURFACE('',#1420,0.800000000000057);
#1277=CYLINDRICAL_SURFACE('',#1424,0.800000000000011);
#1278=CYLINDRICAL_SURFACE('',#1428,0.800000000000042);
#1279=CYLINDRICAL_SURFACE('',#1431,1.05000000000004);
#1280=CYLINDRICAL_SURFACE('',#1434,1.05000000000004);
#1281=CYLINDRICAL_SURFACE('',#1437,2.);
#1282=CYLINDRICAL_SURFACE('',#1441,1.99999999999997);
#1283=CYLINDRICAL_SURFACE('',#1445,2.50000001026757);
#1284=CYLINDRICAL_SURFACE('',#1449,0.800000000000196);
#1285=CYLINDRICAL_SURFACE('',#1453,0.799999999999841);
#1286=CYLINDRICAL_SURFACE('',#1457,0.799999999999841);
#1287=CYLINDRICAL_SURFACE('',#1461,0.800000000000001);
#1288=CYLINDRICAL_SURFACE('',#1465,0.799999999999983);
#1289=CYLINDRICAL_SURFACE('',#1469,0.79999999999999);
#1290=CYLINDRICAL_SURFACE('',#1473,0.800000000000003);
#1291=CYLINDRICAL_SURFACE('',#1477,0.800000000000018);
#1292=CYLINDRICAL_SURFACE('',#1481,0.800000000000001);
#1293=CYLINDRICAL_SURFACE('',#1485,0.79999999999977);
#1294=CYLINDRICAL_SURFACE('',#1489,0.800000000000001);
#1295=CYLINDRICAL_SURFACE('',#1493,0.799999999999983);
#1296=CYLINDRICAL_SURFACE('',#1497,0.799999999999983);
#1297=CYLINDRICAL_SURFACE('',#1501,0.799999999999983);
#1298=CYLINDRICAL_SURFACE('',#1505,0.800000000000001);
#1299=CYLINDRICAL_SURFACE('',#1509,0.80000000000014);
#1300=CYLINDRICAL_SURFACE('',#1513,2.50000000782325);
#1301=ADVANCED_FACE('',(#63),#1267,.F.);
#1302=ADVANCED_FACE('',(#64),#29,.T.);
#1303=ADVANCED_FACE('',(#65),#1268,.F.);
#1304=ADVANCED_FACE('',(#66),#30,.T.);
#1305=ADVANCED_FACE('',(#67),#1269,.F.);
#1306=ADVANCED_FACE('',(#68),#31,.T.);
#1307=ADVANCED_FACE('',(#69),#32,.T.);
#1308=ADVANCED_FACE('',(#70),#1270,.F.);
#1309=ADVANCED_FACE('',(#71),#33,.T.);
#1310=ADVANCED_FACE('',(#72),#1271,.F.);
#1311=ADVANCED_FACE('',(#73),#34,.T.);
#1312=ADVANCED_FACE('',(#74),#1272,.F.);
#1313=ADVANCED_FACE('',(#75),#35,.T.);
#1314=ADVANCED_FACE('',(#76),#1273,.F.);
#1315=ADVANCED_FACE('',(#77),#36,.T.);
#1316=ADVANCED_FACE('',(#78),#1274,.F.);
#1317=ADVANCED_FACE('',(#79),#37,.T.);
#1318=ADVANCED_FACE('',(#80),#1275,.F.);
#1319=ADVANCED_FACE('',(#81),#38,.T.);
#1320=ADVANCED_FACE('',(#82),#1276,.F.);
#1321=ADVANCED_FACE('',(#83),#39,.T.);
#1322=ADVANCED_FACE('',(#84),#1277,.F.);
#1323=ADVANCED_FACE('',(#85),#40,.T.);
#1324=ADVANCED_FACE('',(#86),#1278,.F.);
#1325=ADVANCED_FACE('',(#87),#1279,.F.);
#1326=ADVANCED_FACE('',(#88),#1280,.F.);
#1327=ADVANCED_FACE('',(#89),#1281,.F.);
#1328=ADVANCED_FACE('',(#90),#41,.T.);
#1329=ADVANCED_FACE('',(#91),#1282,.F.);
#1330=ADVANCED_FACE('',(#92),#42,.T.);
#1331=ADVANCED_FACE('',(#93),#1283,.T.);
#1332=ADVANCED_FACE('',(#94),#43,.T.);
#1333=ADVANCED_FACE('',(#95),#1284,.T.);
#1334=ADVANCED_FACE('',(#96),#44,.T.);
#1335=ADVANCED_FACE('',(#97),#1285,.F.);
#1336=ADVANCED_FACE('',(#98),#45,.T.);
#1337=ADVANCED_FACE('',(#99),#1286,.F.);
#1338=ADVANCED_FACE('',(#100),#46,.T.);
#1339=ADVANCED_FACE('',(#101),#1287,.T.);
#1340=ADVANCED_FACE('',(#102),#47,.T.);
#1341=ADVANCED_FACE('',(#103),#1288,.T.);
#1342=ADVANCED_FACE('',(#104),#48,.T.);
#1343=ADVANCED_FACE('',(#105),#1289,.T.);
#1344=ADVANCED_FACE('',(#106),#49,.T.);
#1345=ADVANCED_FACE('',(#107),#1290,.F.);
#1346=ADVANCED_FACE('',(#108),#50,.T.);
#1347=ADVANCED_FACE('',(#109),#1291,.F.);
#1348=ADVANCED_FACE('',(#110),#51,.T.);
#1349=ADVANCED_FACE('',(#111),#1292,.T.);
#1350=ADVANCED_FACE('',(#112),#52,.T.);
#1351=ADVANCED_FACE('',(#113),#1293,.F.);
#1352=ADVANCED_FACE('',(#114),#53,.T.);
#1353=ADVANCED_FACE('',(#115),#1294,.T.);
#1354=ADVANCED_FACE('',(#116),#54,.T.);
#1355=ADVANCED_FACE('',(#117),#1295,.T.);
#1356=ADVANCED_FACE('',(#118),#55,.T.);
#1357=ADVANCED_FACE('',(#119),#1296,.F.);
#1358=ADVANCED_FACE('',(#120),#56,.T.);
#1359=ADVANCED_FACE('',(#121),#1297,.F.);
#1360=ADVANCED_FACE('',(#122),#57,.T.);
#1361=ADVANCED_FACE('',(#123),#1298,.T.);
#1362=ADVANCED_FACE('',(#124),#58,.T.);
#1363=ADVANCED_FACE('',(#125),#1299,.T.);
#1364=ADVANCED_FACE('',(#126),#59,.T.);
#1365=ADVANCED_FACE('',(#127),#1300,.T.);
#1366=ADVANCED_FACE('',(#128),#60,.T.);
#1367=ADVANCED_FACE('',(#129,#15,#16,#17,#18,#19,#20,#21),#61,.T.);
#1368=ADVANCED_FACE('',(#130,#22,#23,#24,#25,#26,#27,#28),#62,.F.);
#1369=CLOSED_SHELL('',(#1301,#1302,#1303,#1304,#1305,#1306,#1307,#1308,
#1309,#1310,#1311,#1312,#1313,#1314,#1315,#1316,#1317,#1318,#1319,#1320,
#1321,#1322,#1323,#1324,#1325,#1326,#1327,#1328,#1329,#1330,#1331,#1332,
#1333,#1334,#1335,#1336,#1337,#1338,#1339,#1340,#1341,#1342,#1343,#1344,
#1345,#1346,#1347,#1348,#1349,#1350,#1351,#1352,#1353,#1354,#1355,#1356,
#1357,#1358,#1359,#1360,#1361,#1362,#1363,#1364,#1365,#1366,#1367,#1368));
#1370=DERIVED_UNIT_ELEMENT(#1372,1.);
#1371=DERIVED_UNIT_ELEMENT(#2327,-3.);
#1372=(
MASS_UNIT()
NAMED_UNIT(*)
SI_UNIT(.KILO.,.GRAM.)
);
#1373=DERIVED_UNIT((#1370,#1371));
#1374=MEASURE_REPRESENTATION_ITEM('density measure',
POSITIVE_RATIO_MEASURE(7850.),#1373);
#1375=PROPERTY_DEFINITION_REPRESENTATION(#1380,#1377);
#1376=PROPERTY_DEFINITION_REPRESENTATION(#1381,#1378);
#1377=REPRESENTATION('material name',(#1379),#2324);
#1378=REPRESENTATION('density',(#1374),#2324);
#1379=DESCRIPTIVE_REPRESENTATION_ITEM('Acier','Acier');
#1380=PROPERTY_DEFINITION('material property','material name',#2334);
#1381=PROPERTY_DEFINITION('material property','density of part',#2334);
#1382=AXIS2_PLACEMENT_3D('',#1923,#1519,#1520);
#1383=AXIS2_PLACEMENT_3D('',#1924,#1521,#1522);
#1384=AXIS2_PLACEMENT_3D('',#1927,#1523,#1524);
#1385=AXIS2_PLACEMENT_3D('',#1931,#1526,#1527);
#1386=AXIS2_PLACEMENT_3D('',#1933,#1529,#1530);
#1387=AXIS2_PLACEMENT_3D('',#1939,#1534,#1535);
#1388=AXIS2_PLACEMENT_3D('',#1941,#1536,#1537);
#1389=AXIS2_PLACEMENT_3D('',#1943,#1538,#1539);
#1390=AXIS2_PLACEMENT_3D('',#1945,#1541,#1542);
#1391=AXIS2_PLACEMENT_3D('',#1951,#1546,#1547);
#1392=AXIS2_PLACEMENT_3D('',#1953,#1548,#1549);
#1393=AXIS2_PLACEMENT_3D('',#1955,#1550,#1551);
#1394=AXIS2_PLACEMENT_3D('',#1957,#1553,#1554);
#1395=AXIS2_PLACEMENT_3D('',#1960,#1557,#1558);
#1396=AXIS2_PLACEMENT_3D('',#1969,#1563,#1564);
#1397=AXIS2_PLACEMENT_3D('',#1971,#1565,#1566);
#1398=AXIS2_PLACEMENT_3D('',#1973,#1567,#1568);
#1399=AXIS2_PLACEMENT_3D('',#1975,#1570,#1571);
#1400=AXIS2_PLACEMENT_3D('',#1981,#1575,#1576);
#1401=AXIS2_PLACEMENT_3D('',#1982,#1577,#1578);
#1402=AXIS2_PLACEMENT_3D('',#1983,#1579,#1580);
#1403=AXIS2_PLACEMENT_3D('',#1984,#1581,#1582);
#1404=AXIS2_PLACEMENT_3D('',#1993,#1587,#1588);
#1405=AXIS2_PLACEMENT_3D('',#1995,#1589,#1590);
#1406=AXIS2_PLACEMENT_3D('',#1997,#1591,#1592);
#1407=AXIS2_PLACEMENT_3D('',#1999,#1594,#1595);
#1408=AXIS2_PLACEMENT_3D('',#2005,#1599,#1600);
#1409=AXIS2_PLACEMENT_3D('',#2006,#1601,#1602);
#1410=AXIS2_PLACEMENT_3D('',#2007,#1603,#1604);
#1411=AXIS2_PLACEMENT_3D('',#2008,#1605,#1606);
#1412=AXIS2_PLACEMENT_3D('',#2017,#1611,#1612);
#1413=AXIS2_PLACEMENT_3D('',#2019,#1613,#1614);
#1414=AXIS2_PLACEMENT_3D('',#2021,#1615,#1616);
#1415=AXIS2_PLACEMENT_3D('',#2023,#1618,#1619);
#1416=AXIS2_PLACEMENT_3D('',#2029,#1623,#1624);
#1417=AXIS2_PLACEMENT_3D('',#2030,#1625,#1626);
#1418=AXIS2_PLACEMENT_3D('',#2031,#1627,#1628);
#1419=AXIS2_PLACEMENT_3D('',#2032,#1629,#1630);
#1420=AXIS2_PLACEMENT_3D('',#2041,#1635,#1636);
#1421=AXIS2_PLACEMENT_3D('',#2043,#1637,#1638);
#1422=AXIS2_PLACEMENT_3D('',#2045,#1639,#1640);
#1423=AXIS2_PLACEMENT_3D('',#2047,#1642,#1643);
#1424=AXIS2_PLACEMENT_3D('',#2053,#1647,#1648);
#1425=AXIS2_PLACEMENT_3D('',#2055,#1649,#1650);
#1426=AXIS2_PLACEMENT_3D('',#2057,#1651,#1652);
#1427=AXIS2_PLACEMENT_3D('',#2059,#1654,#1655);
#1428=AXIS2_PLACEMENT_3D('',#2065,#1659,#1660);
#1429=AXIS2_PLACEMENT_3D('',#2066,#1661,#1662);
#1430=AXIS2_PLACEMENT_3D('',#2067,#1663,#1664);
#1431=AXIS2_PLACEMENT_3D('',#2068,#1665,#1666);
#1432=AXIS2_PLACEMENT_3D('',#2070,#1667,#1668);
#1433=AXIS2_PLACEMENT_3D('',#2073,#1670,#1671);
#1434=AXIS2_PLACEMENT_3D('',#2074,#1672,#1673);
#1435=AXIS2_PLACEMENT_3D('',#2076,#1674,#1675);
#1436=AXIS2_PLACEMENT_3D('',#2079,#1677,#1678);
#1437=AXIS2_PLACEMENT_3D('',#2080,#1679,#1680);
#1438=AXIS2_PLACEMENT_3D('',#2083,#1681,#1682);
#1439=AXIS2_PLACEMENT_3D('',#2087,#1684,#1685);
#1440=AXIS2_PLACEMENT_3D('',#2089,#1687,#1688);
#1441=AXIS2_PLACEMENT_3D('',#2095,#1692,#1693);
#1442=AXIS2_PLACEMENT_3D('',#2097,#1694,#1695);
#1443=AXIS2_PLACEMENT_3D('',#2099,#1696,#1697);
#1444=AXIS2_PLACEMENT_3D('',#2101,#1699,#1700);
#1445=AXIS2_PLACEMENT_3D('',#2107,#1704,#1705);
#1446=AXIS2_PLACEMENT_3D('',#2109,#1706,#1707);
#1447=AXIS2_PLACEMENT_3D('',#2111,#1708,#1709);
#1448=AXIS2_PLACEMENT_3D('',#2113,#1711,#1712);
#1449=AXIS2_PLACEMENT_3D('',#2119,#1716,#1717);
#1450=AXIS2_PLACEMENT_3D('',#2121,#1718,#1719);
#1451=AXIS2_PLACEMENT_3D('',#2123,#1720,#1721);
#1452=AXIS2_PLACEMENT_3D('',#2125,#1723,#1724);
#1453=AXIS2_PLACEMENT_3D('',#2131,#1728,#1729);
#1454=AXIS2_PLACEMENT_3D('',#2133,#1730,#1731);
#1455=AXIS2_PLACEMENT_3D('',#2135,#1732,#1733);
#1456=AXIS2_PLACEMENT_3D('',#2137,#1735,#1736);
#1457=AXIS2_PLACEMENT_3D('',#2143,#1740,#1741);
#1458=AXIS2_PLACEMENT_3D('',#2145,#1742,#1743);
#1459=AXIS2_PLACEMENT_3D('',#2147,#1744,#1745);
#1460=AXIS2_PLACEMENT_3D('',#2149,#1747,#1748);
#1461=AXIS2_PLACEMENT_3D('',#2155,#1752,#1753);
#1462=AXIS2_PLACEMENT_3D('',#2157,#1754,#1755);
#1463=AXIS2_PLACEMENT_3D('',#2159,#1756,#1757);
#1464=AXIS2_PLACEMENT_3D('',#2161,#1759,#1760);
#1465=AXIS2_PLACEMENT_3D('',#2167,#1764,#1765);
#1466=AXIS2_PLACEMENT_3D('',#2169,#1766,#1767);
#1467=AXIS2_PLACEMENT_3D('',#2171,#1768,#1769);
#1468=AXIS2_PLACEMENT_3D('',#2173,#1771,#1772);
#1469=AXIS2_PLACEMENT_3D('',#2179,#1776,#1777);
#1470=AXIS2_PLACEMENT_3D('',#2181,#1778,#1779);
#1471=AXIS2_PLACEMENT_3D('',#2183,#1780,#1781);
#1472=AXIS2_PLACEMENT_3D('',#2185,#1783,#1784);
#1473=AXIS2_PLACEMENT_3D('',#2191,#1788,#1789);
#1474=AXIS2_PLACEMENT_3D('',#2193,#1790,#1791);
#1475=AXIS2_PLACEMENT_3D('',#2195,#1792,#1793);
#1476=AXIS2_PLACEMENT_3D('',#2197,#1795,#1796);
#1477=AXIS2_PLACEMENT_3D('',#2203,#1800,#1801);
#1478=AXIS2_PLACEMENT_3D('',#2205,#1802,#1803);
#1479=AXIS2_PLACEMENT_3D('',#2207,#1804,#1805);
#1480=AXIS2_PLACEMENT_3D('',#2209,#1807,#1808);
#1481=AXIS2_PLACEMENT_3D('',#2215,#1812,#1813);
#1482=AXIS2_PLACEMENT_3D('',#2217,#1814,#1815);
#1483=AXIS2_PLACEMENT_3D('',#2219,#1816,#1817);
#1484=AXIS2_PLACEMENT_3D('',#2221,#1819,#1820);
#1485=AXIS2_PLACEMENT_3D('',#2227,#1824,#1825);
#1486=AXIS2_PLACEMENT_3D('',#2229,#1826,#1827);
#1487=AXIS2_PLACEMENT_3D('',#2231,#1828,#1829);
#1488=AXIS2_PLACEMENT_3D('',#2233,#1831,#1832);
#1489=AXIS2_PLACEMENT_3D('',#2239,#1836,#1837);
#1490=AXIS2_PLACEMENT_3D('',#2241,#1838,#1839);
#1491=AXIS2_PLACEMENT_3D('',#2243,#1840,#1841);
#1492=AXIS2_PLACEMENT_3D('',#2245,#1843,#1844);
#1493=AXIS2_PLACEMENT_3D('',#2251,#1848,#1849);
#1494=AXIS2_PLACEMENT_3D('',#2253,#1850,#1851);
#1495=AXIS2_PLACEMENT_3D('',#2255,#1852,#1853);
#1496=AXIS2_PLACEMENT_3D('',#2257,#1855,#1856);
#1497=AXIS2_PLACEMENT_3D('',#2263,#1860,#1861);
#1498=AXIS2_PLACEMENT_3D('',#2265,#1862,#1863);
#1499=AXIS2_PLACEMENT_3D('',#2267,#1864,#1865);
#1500=AXIS2_PLACEMENT_3D('',#2269,#1867,#1868);
#1501=AXIS2_PLACEMENT_3D('',#2275,#1872,#1873);
#1502=AXIS2_PLACEMENT_3D('',#2277,#1874,#1875);
#1503=AXIS2_PLACEMENT_3D('',#2279,#1876,#1877);
#1504=AXIS2_PLACEMENT_3D('',#2281,#1879,#1880);
#1505=AXIS2_PLACEMENT_3D('',#2287,#1884,#1885);
#1506=AXIS2_PLACEMENT_3D('',#2289,#1886,#1887);
#1507=AXIS2_PLACEMENT_3D('',#2291,#1888,#1889);
#1508=AXIS2_PLACEMENT_3D('',#2293,#1891,#1892);
#1509=AXIS2_PLACEMENT_3D('',#2299,#1896,#1897);
#1510=AXIS2_PLACEMENT_3D('',#2301,#1898,#1899);
#1511=AXIS2_PLACEMENT_3D('',#2303,#1900,#1901);
#1512=AXIS2_PLACEMENT_3D('',#2305,#1903,#1904);
#1513=AXIS2_PLACEMENT_3D('',#2311,#1908,#1909);
#1514=AXIS2_PLACEMENT_3D('',#2313,#1910,#1911);
#1515=AXIS2_PLACEMENT_3D('',#2315,#1912,#1913);
#1516=AXIS2_PLACEMENT_3D('',#2317,#1915,#1916);
#1517=AXIS2_PLACEMENT_3D('',#2320,#1919,#1920);
#1518=AXIS2_PLACEMENT_3D('',#2321,#1921,#1922);
#1519=DIRECTION('axis',(0.,0.,1.));
#1520=DIRECTION('refdir',(1.,0.,0.));
#1521=DIRECTION('center_axis',(0.,0.,1.));
#1522=DIRECTION('ref_axis',(-0.867765453368927,-0.496973961027558,0.));
#1523=DIRECTION('center_axis',(0.,0.,-1.));
#1524=DIRECTION('ref_axis',(-0.867765453368927,-0.496973961027558,0.));
#1525=DIRECTION('',(0.,0.,1.));
#1526=DIRECTION('center_axis',(0.,0.,-1.));
#1527=DIRECTION('ref_axis',(-0.867765453368927,-0.496973961027558,0.));
#1528=DIRECTION('',(0.,0.,1.));
#1529=DIRECTION('center_axis',(-0.906307787036637,0.422618261740727,0.));
#1530=DIRECTION('ref_axis',(-0.422618261740727,-0.906307787036637,0.));
#1531=DIRECTION('',(-0.422618261740727,-0.906307787036637,0.));
#1532=DIRECTION('',(-0.422618261740727,-0.906307787036637,0.));
#1533=DIRECTION('',(0.,0.,1.));
#1534=DIRECTION('center_axis',(0.,0.,1.));
#1535=DIRECTION('ref_axis',(0.906307787036621,-0.422618261740761,0.));
#1536=DIRECTION('center_axis',(0.,0.,-1.));
#1537=DIRECTION('ref_axis',(0.906307787036621,-0.422618261740761,0.));
#1538=DIRECTION('center_axis',(0.,0.,-1.));
#1539=DIRECTION('ref_axis',(0.906307787036621,-0.422618261740761,0.));
#1540=DIRECTION('',(0.,0.,1.));
#1541=DIRECTION('center_axis',(-0.422618261740727,-0.906307787036637,0.));
#1542=DIRECTION('ref_axis',(0.906307787036637,-0.422618261740727,0.));
#1543=DIRECTION('',(0.906307787036637,-0.422618261740727,0.));
#1544=DIRECTION('',(0.906307787036637,-0.422618261740727,0.));
#1545=DIRECTION('',(0.,0.,1.));
#1546=DIRECTION('center_axis',(0.,0.,1.));
#1547=DIRECTION('ref_axis',(0.422618261740832,0.906307787036588,0.));
#1548=DIRECTION('center_axis',(0.,0.,-1.));
#1549=DIRECTION('ref_axis',(0.422618261740832,0.906307787036588,0.));
#1550=DIRECTION('center_axis',(0.,0.,-1.));
#1551=DIRECTION('ref_axis',(0.422618261740832,0.906307787036588,0.));
#1552=DIRECTION('',(0.,0.,1.));
#1553=DIRECTION('center_axis',(0.867765453368928,0.496973961027557,0.));
#1554=DIRECTION('ref_axis',(-0.496973961027557,0.867765453368927,0.));
#1555=DIRECTION('',(-0.496973961027557,0.867765453368927,0.));
#1556=DIRECTION('',(-0.496973961027557,0.867765453368927,0.));
#1557=DIRECTION('center_axis',(0.4226182617407,0.90630778703665,0.));
#1558=DIRECTION('ref_axis',(-0.906307787036649,0.4226182617407,0.));
#1559=DIRECTION('',(-0.90630778703665,0.4226182617407,0.));
#1560=DIRECTION('',(0.,0.,1.));
#1561=DIRECTION('',(-0.90630778703665,0.4226182617407,0.));
#1562=DIRECTION('',(0.,0.,1.));
#1563=DIRECTION('center_axis',(0.,0.,1.));
#1564=DIRECTION('ref_axis',(-0.422618261740678,-0.90630778703666,0.));
#1565=DIRECTION('center_axis',(0.,0.,-1.));
#1566=DIRECTION('ref_axis',(-0.422618261740678,-0.90630778703666,0.));
#1567=DIRECTION('center_axis',(0.,0.,-1.));
#1568=DIRECTION('ref_axis',(-0.422618261740678,-0.90630778703666,0.));
#1569=DIRECTION('',(0.,0.,1.));
#1570=DIRECTION('center_axis',(-0.422618261740707,-0.906307787036646,0.));
#1571=DIRECTION('ref_axis',(0.906307787036646,-0.422618261740707,0.));
#1572=DIRECTION('',(0.906307787036646,-0.422618261740707,0.));
#1573=DIRECTION('',(0.906307787036646,-0.422618261740707,0.));
#1574=DIRECTION('',(0.,0.,1.));
#1575=DIRECTION('center_axis',(0.,0.,1.));
#1576=DIRECTION('ref_axis',(0.422618261741207,0.906307787036413,0.));
#1577=DIRECTION('center_axis',(0.,0.,-1.));
#1578=DIRECTION('ref_axis',(0.422618261741207,0.906307787036413,0.));
#1579=DIRECTION('center_axis',(0.,0.,-1.));
#1580=DIRECTION('ref_axis',(0.422618261741207,0.906307787036413,0.));
#1581=DIRECTION('center_axis',(0.422618261598156,0.906307787103119,0.));
#1582=DIRECTION('ref_axis',(-0.906307787103119,0.422618261598156,0.));
#1583=DIRECTION('',(-0.906307787103119,0.422618261598156,0.));
#1584=DIRECTION('',(0.,0.,1.));
#1585=DIRECTION('',(-0.906307787103119,0.422618261598156,0.));
#1586=DIRECTION('',(0.,0.,1.));
#1587=DIRECTION('center_axis',(0.,0.,1.));
#1588=DIRECTION('ref_axis',(-0.422618261596937,-0.906307787103687,0.));
#1589=DIRECTION('center_axis',(0.,0.,-1.));
#1590=DIRECTION('ref_axis',(-0.422618261596937,-0.906307787103687,0.));
#1591=DIRECTION('center_axis',(0.,0.,-1.));
#1592=DIRECTION('ref_axis',(-0.422618261596937,-0.906307787103687,0.));
#1593=DIRECTION('',(0.,0.,1.));
#1594=DIRECTION('center_axis',(-0.422618261598158,-0.906307787103118,0.));
#1595=DIRECTION('ref_axis',(0.906307787103118,-0.422618261598158,0.));
#1596=DIRECTION('',(0.906307787103118,-0.422618261598158,0.));
#1597=DIRECTION('',(0.906307787103118,-0.422618261598158,0.));
#1598=DIRECTION('',(0.,0.,1.));
#1599=DIRECTION('center_axis',(0.,0.,1.));
#1600=DIRECTION('ref_axis',(0.422618261598893,0.906307787102776,0.));
#1601=DIRECTION('center_axis',(0.,0.,-1.));
#1602=DIRECTION('ref_axis',(0.422618261598893,0.906307787102776,0.));
#1603=DIRECTION('center_axis',(0.,0.,-1.));
#1604=DIRECTION('ref_axis',(0.422618261598893,0.906307787102776,0.));
#1605=DIRECTION('center_axis',(0.4226182617407,0.90630778703665,0.));
#1606=DIRECTION('ref_axis',(-0.90630778703665,0.4226182617407,0.));
#1607=DIRECTION('',(-0.90630778703665,0.4226182617407,0.));
#1608=DIRECTION('',(0.,0.,1.));
#1609=DIRECTION('',(-0.90630778703665,0.4226182617407,0.));
#1610=DIRECTION('',(0.,0.,1.));
#1611=DIRECTION('center_axis',(0.,0.,1.));
#1612=DIRECTION('ref_axis',(-0.422618261742689,-0.906307787035722,0.));
#1613=DIRECTION('center_axis',(0.,0.,-1.));
#1614=DIRECTION('ref_axis',(-0.422618261742689,-0.906307787035722,0.));
#1615=DIRECTION('center_axis',(0.,0.,-1.));
#1616=DIRECTION('ref_axis',(-0.422618261742689,-0.906307787035722,0.));
#1617=DIRECTION('',(0.,0.,1.));
#1618=DIRECTION('center_axis',(-0.422618261740698,-0.906307787036651,0.));
#1619=DIRECTION('ref_axis',(0.906307787036651,-0.422618261740698,0.));
#1620=DIRECTION('',(0.906307787036651,-0.422618261740698,0.));
#1621=DIRECTION('',(0.906307787036651,-0.422618261740698,0.));
#1622=DIRECTION('',(0.,0.,1.));
#1623=DIRECTION('center_axis',(0.,0.,1.));
#1624=DIRECTION('ref_axis',(0.422618261746955,0.906307787033733,0.));
#1625=DIRECTION('center_axis',(0.,0.,-1.));
#1626=DIRECTION('ref_axis',(0.422618261746955,0.906307787033733,0.));
#1627=DIRECTION('center_axis',(0.,0.,-1.));
#1628=DIRECTION('ref_axis',(0.422618261746955,0.906307787033733,0.));
#1629=DIRECTION('center_axis',(0.422618261740702,0.906307787036649,0.));
#1630=DIRECTION('ref_axis',(-0.906307787036649,0.422618261740702,0.));
#1631=DIRECTION('',(-0.906307787036649,0.422618261740702,0.));
#1632=DIRECTION('',(0.,0.,1.));
#1633=DIRECTION('',(-0.906307787036649,0.422618261740702,0.));
#1634=DIRECTION('',(0.,0.,1.));
#1635=DIRECTION('center_axis',(0.,0.,1.));
#1636=DIRECTION('ref_axis',(-0.422618261740807,-0.9063077870366,0.));
#1637=DIRECTION('center_axis',(0.,0.,-1.));
#1638=DIRECTION('ref_axis',(-0.422618261740807,-0.9063077870366,0.));
#1639=DIRECTION('center_axis',(0.,0.,-1.));
#1640=DIRECTION('ref_axis',(-0.422618261740807,-0.9063077870366,0.));
#1641=DIRECTION('',(0.,0.,1.));
#1642=DIRECTION('center_axis',(-0.906307787036635,0.422618261740731,0.));
#1643=DIRECTION('ref_axis',(-0.422618261740731,-0.906307787036635,0.));
#1644=DIRECTION('',(-0.422618261740731,-0.906307787036635,0.));
#1645=DIRECTION('',(-0.422618261740731,-0.906307787036635,0.));
#1646=DIRECTION('',(0.,0.,1.));
#1647=DIRECTION('center_axis',(0.,0.,1.));
#1648=DIRECTION('ref_axis',(0.90630778703663,-0.422618261740742,0.));
#1649=DIRECTION('center_axis',(0.,0.,-1.));
#1650=DIRECTION('ref_axis',(0.90630778703663,-0.422618261740742,0.));
#1651=DIRECTION('center_axis',(0.,0.,-1.));
#1652=DIRECTION('ref_axis',(0.90630778703663,-0.422618261740742,0.));
#1653=DIRECTION('',(0.,0.,1.));
#1654=DIRECTION('center_axis',(0.177084740319592,-0.98419560796924,0.));
#1655=DIRECTION('ref_axis',(0.98419560796924,0.177084740319592,0.));
#1656=DIRECTION('',(0.98419560796924,0.177084740319592,0.));
#1657=DIRECTION('',(0.98419560796924,0.177084740319592,0.));
#1658=DIRECTION('',(0.,0.,1.));
#1659=DIRECTION('center_axis',(0.,0.,1.));
#1660=DIRECTION('ref_axis',(-0.17708474031969,0.984195607969223,0.));
#1661=DIRECTION('center_axis',(0.,0.,-1.));
#1662=DIRECTION('ref_axis',(-0.17708474031969,0.984195607969223,0.));
#1663=DIRECTION('center_axis',(0.,0.,-1.));
#1664=DIRECTION('ref_axis',(-0.17708474031969,0.984195607969223,0.));
#1665=DIRECTION('center_axis',(0.,0.,1.));
#1666=DIRECTION('ref_axis',(1.,0.,0.));
#1667=DIRECTION('center_axis',(0.,0.,-1.));
#1668=DIRECTION('ref_axis',(1.,0.,0.));
#1669=DIRECTION('',(0.,0.,-1.));
#1670=DIRECTION('center_axis',(0.,0.,-1.));
#1671=DIRECTION('ref_axis',(1.,0.,0.));
#1672=DIRECTION('center_axis',(0.,0.,1.));
#1673=DIRECTION('ref_axis',(1.,0.,0.));
#1674=DIRECTION('center_axis',(0.,0.,-1.));
#1675=DIRECTION('ref_axis',(1.,0.,0.));
#1676=DIRECTION('',(0.,0.,-1.));
#1677=DIRECTION('center_axis',(0.,0.,-1.));
#1678=DIRECTION('ref_axis',(1.,0.,0.));
#1679=DIRECTION('center_axis',(0.,0.,1.));
#1680=DIRECTION('ref_axis',(0.411997890460184,-0.911184799179814,0.));
#1681=DIRECTION('center_axis',(0.,0.,1.));
#1682=DIRECTION('ref_axis',(0.411997890460184,-0.911184799179814,0.));
#1683=DIRECTION('',(0.,0.,1.));
#1684=DIRECTION('center_axis',(0.,0.,-1.));
#1685=DIRECTION('ref_axis',(0.411997890460184,-0.911184799179814,0.));
#1686=DIRECTION('',(0.,0.,1.));
#1687=DIRECTION('center_axis',(-0.906307787241818,0.422618261300715,0.));
#1688=DIRECTION('ref_axis',(-0.422618261300715,-0.906307787241818,0.));
#1689=DIRECTION('',(0.422618261300715,0.906307787241818,0.));
#1690=DIRECTION('',(-0.422618261300715,-0.906307787241818,0.));
#1691=DIRECTION('',(0.,0.,1.));
#1692=DIRECTION('center_axis',(0.,0.,1.));
#1693=DIRECTION('ref_axis',(0.906307787241809,-0.422618261300734,0.));
#1694=DIRECTION('center_axis',(0.,0.,1.));
#1695=DIRECTION('ref_axis',(0.906307787241809,-0.422618261300734,0.));
#1696=DIRECTION('center_axis',(0.,0.,-1.));
#1697=DIRECTION('ref_axis',(0.906307787241809,-0.422618261300734,0.));
#1698=DIRECTION('',(0.,0.,1.));
#1699=DIRECTION('center_axis',(-0.962835190986846,-0.270089605496629,0.));
#1700=DIRECTION('ref_axis',(0.270089605496629,-0.962835190986846,0.));
#1701=DIRECTION('',(-0.270089605496629,0.962835190986845,0.));
#1702=DIRECTION('',(0.270089605496629,-0.962835190986845,0.));
#1703=DIRECTION('',(0.,0.,1.));
#1704=DIRECTION('center_axis',(0.,0.,1.));
#1705=DIRECTION('ref_axis',(0.417200295071815,0.908814565129758,0.));
#1706=DIRECTION('center_axis',(0.,0.,1.));
#1707=DIRECTION('ref_axis',(0.417200295071815,0.908814565129758,0.));
#1708=DIRECTION('center_axis',(0.,0.,1.));
#1709=DIRECTION('ref_axis',(0.417200295071815,0.908814565129758,0.));
#1710=DIRECTION('',(0.,0.,1.));
#1711=DIRECTION('center_axis',(0.417200295071242,0.908814565130021,0.));
#1712=DIRECTION('ref_axis',(-0.908814565130021,0.417200295071242,0.));
#1713=DIRECTION('',(-0.908814565130021,0.417200295071242,0.));
#1714=DIRECTION('',(-0.908814565130021,0.417200295071242,0.));
#1715=DIRECTION('',(0.,0.,1.));
#1716=DIRECTION('center_axis',(0.,0.,1.));
#1717=DIRECTION('ref_axis',(1.,0.,0.));
#1718=DIRECTION('center_axis',(0.,0.,1.));
#1719=DIRECTION('ref_axis',(1.,0.,0.));
#1720=DIRECTION('center_axis',(0.,0.,1.));
#1721=DIRECTION('ref_axis',(1.,0.,0.));
#1722=DIRECTION('',(0.,0.,1.));
#1723=DIRECTION('center_axis',(1.,0.,0.));
#1724=DIRECTION('ref_axis',(0.,1.,0.));
#1725=DIRECTION('',(0.,1.,0.));
#1726=DIRECTION('',(0.,1.,0.));
#1727=DIRECTION('',(0.,0.,1.));
#1728=DIRECTION('center_axis',(0.,0.,1.));
#1729=DIRECTION('ref_axis',(-1.,0.,0.));
#1730=DIRECTION('center_axis',(0.,0.,1.));
#1731=DIRECTION('ref_axis',(-1.,0.,0.));
#1732=DIRECTION('center_axis',(0.,0.,-1.));
#1733=DIRECTION('ref_axis',(-1.,0.,0.));
#1734=DIRECTION('',(0.,0.,1.));
#1735=DIRECTION('center_axis',(0.,1.,0.));
#1736=DIRECTION('ref_axis',(-1.,0.,0.));
#1737=DIRECTION('',(1.,0.,0.));
#1738=DIRECTION('',(-1.,0.,0.));
#1739=DIRECTION('',(0.,0.,1.));
#1740=DIRECTION('center_axis',(0.,0.,1.));
#1741=DIRECTION('ref_axis',(-1.,0.,0.));
#1742=DIRECTION('center_axis',(0.,0.,1.));
#1743=DIRECTION('ref_axis',(-1.,0.,0.));
#1744=DIRECTION('center_axis',(0.,0.,-1.));
#1745=DIRECTION('ref_axis',(-1.,0.,0.));
#1746=DIRECTION('',(0.,0.,1.));
#1747=DIRECTION('center_axis',(-1.,0.,0.));
#1748=DIRECTION('ref_axis',(0.,-1.,0.));
#1749=DIRECTION('',(0.,-1.,0.));
#1750=DIRECTION('',(0.,-1.,0.));
#1751=DIRECTION('',(0.,0.,1.));
#1752=DIRECTION('center_axis',(0.,0.,1.));
#1753=DIRECTION('ref_axis',(0.,1.,0.));
#1754=DIRECTION('center_axis',(0.,0.,1.));
#1755=DIRECTION('ref_axis',(0.,1.,0.));
#1756=DIRECTION('center_axis',(0.,0.,1.));
#1757=DIRECTION('ref_axis',(0.,1.,0.));
#1758=DIRECTION('',(0.,0.,1.));
#1759=DIRECTION('center_axis',(0.,1.,0.));
#1760=DIRECTION('ref_axis',(-1.,0.,0.));
#1761=DIRECTION('',(-1.,0.,0.));
#1762=DIRECTION('',(-1.,0.,0.));
#1763=DIRECTION('',(0.,0.,1.));
#1764=DIRECTION('center_axis',(0.,0.,1.));
#1765=DIRECTION('ref_axis',(1.,0.,0.));
#1766=DIRECTION('center_axis',(0.,0.,1.));
#1767=DIRECTION('ref_axis',(1.,0.,0.));
#1768=DIRECTION('center_axis',(0.,0.,1.));
#1769=DIRECTION('ref_axis',(1.,0.,0.));
#1770=DIRECTION('',(0.,0.,1.));
#1771=DIRECTION('center_axis',(1.,0.,0.));
#1772=DIRECTION('ref_axis',(0.,1.,0.));
#1773=DIRECTION('',(0.,1.,0.));
#1774=DIRECTION('',(0.,1.,0.));
#1775=DIRECTION('',(0.,0.,1.));
#1776=DIRECTION('center_axis',(0.,0.,1.));
#1777=DIRECTION('ref_axis',(0.177888791065863,-0.984050597283049,0.));
#1778=DIRECTION('center_axis',(0.,0.,1.));
#1779=DIRECTION('ref_axis',(0.177888791065863,-0.984050597283049,0.));
#1780=DIRECTION('center_axis',(0.,0.,1.));
#1781=DIRECTION('ref_axis',(0.177888791065863,-0.984050597283049,0.));
#1782=DIRECTION('',(0.,0.,1.));
#1783=DIRECTION('center_axis',(0.177888791066086,-0.984050597283009,0.));
#1784=DIRECTION('ref_axis',(0.984050597283009,0.177888791066086,0.));
#1785=DIRECTION('',(0.984050597283009,0.177888791066086,0.));
#1786=DIRECTION('',(0.984050597283009,0.177888791066086,0.));
#1787=DIRECTION('',(0.,0.,1.));
#1788=DIRECTION('center_axis',(0.,0.,1.));
#1789=DIRECTION('ref_axis',(-0.177888791065949,0.984050597283034,0.));
#1790=DIRECTION('center_axis',(0.,0.,1.));
#1791=DIRECTION('ref_axis',(-0.177888791065949,0.984050597283034,0.));
#1792=DIRECTION('center_axis',(0.,0.,-1.));
#1793=DIRECTION('ref_axis',(-0.177888791065949,0.984050597283034,0.));
#1794=DIRECTION('',(0.,0.,1.));
#1795=DIRECTION('center_axis',(0.906307787036669,-0.42261826174066,0.));
#1796=DIRECTION('ref_axis',(0.42261826174066,0.906307787036668,0.));
#1797=DIRECTION('',(0.42261826174066,0.906307787036668,0.));
#1798=DIRECTION('',(0.42261826174066,0.906307787036668,0.));
#1799=DIRECTION('',(0.,0.,1.));
#1800=DIRECTION('center_axis',(0.,0.,1.));
#1801=DIRECTION('ref_axis',(-0.906307787036621,0.422618261740761,0.));
#1802=DIRECTION('center_axis',(0.,0.,1.));
#1803=DIRECTION('ref_axis',(-0.906307787036621,0.422618261740761,0.));
#1804=DIRECTION('center_axis',(0.,0.,-1.));
#1805=DIRECTION('ref_axis',(-0.906307787036621,0.422618261740761,0.));
#1806=DIRECTION('',(0.,0.,1.));
#1807=DIRECTION('center_axis',(1.,0.,0.));
#1808=DIRECTION('ref_axis',(0.,1.,0.));
#1809=DIRECTION('',(0.,1.,0.));
#1810=DIRECTION('',(0.,1.,0.));
#1811=DIRECTION('',(0.,0.,1.));
#1812=DIRECTION('center_axis',(0.,0.,1.));
#1813=DIRECTION('ref_axis',(0.,-1.,0.));
#1814=DIRECTION('center_axis',(0.,0.,1.));
#1815=DIRECTION('ref_axis',(0.,-1.,0.));
#1816=DIRECTION('center_axis',(0.,0.,1.));
#1817=DIRECTION('ref_axis',(0.,-1.,0.));
#1818=DIRECTION('',(0.,0.,1.));
#1819=DIRECTION('center_axis',(0.,-1.,0.));
#1820=DIRECTION('ref_axis',(1.,0.,0.));
#1821=DIRECTION('',(1.,0.,0.));
#1822=DIRECTION('',(1.,0.,0.));
#1823=DIRECTION('',(0.,0.,1.));
#1824=DIRECTION('center_axis',(0.,0.,1.));
#1825=DIRECTION('ref_axis',(1.,0.,0.));
#1826=DIRECTION('center_axis',(0.,0.,1.));
#1827=DIRECTION('ref_axis',(1.,0.,0.));
#1828=DIRECTION('center_axis',(0.,0.,-1.));
#1829=DIRECTION('ref_axis',(1.,0.,0.));
#1830=DIRECTION('',(0.,0.,1.));
#1831=DIRECTION('center_axis',(1.,0.,0.));
#1832=DIRECTION('ref_axis',(0.,1.,0.));
#1833=DIRECTION('',(0.,1.,0.));
#1834=DIRECTION('',(0.,1.,0.));
#1835=DIRECTION('',(0.,0.,1.));
#1836=DIRECTION('center_axis',(0.,0.,1.));
#1837=DIRECTION('ref_axis',(0.,-1.,0.));
#1838=DIRECTION('center_axis',(0.,0.,1.));
#1839=DIRECTION('ref_axis',(0.,-1.,0.));
#1840=DIRECTION('center_axis',(0.,0.,1.));
#1841=DIRECTION('ref_axis',(0.,-1.,0.));
#1842=DIRECTION('',(0.,0.,1.));
#1843=DIRECTION('center_axis',(0.,-1.,0.));
#1844=DIRECTION('ref_axis',(1.,0.,0.));
#1845=DIRECTION('',(1.,0.,0.));
#1846=DIRECTION('',(1.,0.,0.));
#1847=DIRECTION('',(0.,0.,1.));
#1848=DIRECTION('center_axis',(0.,0.,1.));
#1849=DIRECTION('ref_axis',(-1.,0.,0.));
#1850=DIRECTION('center_axis',(0.,0.,1.));
#1851=DIRECTION('ref_axis',(-1.,0.,0.));
#1852=DIRECTION('center_axis',(0.,0.,1.));
#1853=DIRECTION('ref_axis',(-1.,0.,0.));
#1854=DIRECTION('',(0.,0.,1.));
#1855=DIRECTION('center_axis',(-1.,-3.22973964237291E-14,0.));
#1856=DIRECTION('ref_axis',(3.22973964237291E-14,-1.,0.));
#1857=DIRECTION('',(3.22973964237291E-14,-1.,0.));
#1858=DIRECTION('',(3.22973964237291E-14,-1.,0.));
#1859=DIRECTION('',(0.,0.,1.));
#1860=DIRECTION('center_axis',(0.,0.,1.));
#1861=DIRECTION('ref_axis',(1.,0.,0.));
#1862=DIRECTION('center_axis',(0.,0.,1.));
#1863=DIRECTION('ref_axis',(1.,0.,0.));
#1864=DIRECTION('center_axis',(0.,0.,-1.));
#1865=DIRECTION('ref_axis',(1.,0.,0.));
#1866=DIRECTION('',(0.,0.,1.));
#1867=DIRECTION('center_axis',(0.,-1.,0.));
#1868=DIRECTION('ref_axis',(1.,0.,0.));
#1869=DIRECTION('',(1.,0.,0.));
#1870=DIRECTION('',(1.,0.,0.));
#1871=DIRECTION('',(0.,0.,1.));
#1872=DIRECTION('center_axis',(0.,0.,1.));
#1873=DIRECTION('ref_axis',(1.,0.,0.));
#1874=DIRECTION('center_axis',(0.,0.,1.));
#1875=DIRECTION('ref_axis',(1.,0.,0.));
#1876=DIRECTION('center_axis',(0.,0.,-1.));
#1877=DIRECTION('ref_axis',(1.,0.,0.));
#1878=DIRECTION('',(0.,0.,1.));
#1879=DIRECTION('center_axis',(1.,0.,0.));
#1880=DIRECTION('ref_axis',(0.,1.,0.));
#1881=DIRECTION('',(0.,-1.,0.));
#1882=DIRECTION('',(0.,1.,0.));
#1883=DIRECTION('',(0.,0.,1.));
#1884=DIRECTION('center_axis',(0.,0.,1.));
#1885=DIRECTION('ref_axis',(0.,-1.,0.));
#1886=DIRECTION('center_axis',(0.,0.,1.));
#1887=DIRECTION('ref_axis',(0.,-1.,0.));
#1888=DIRECTION('center_axis',(0.,0.,1.));
#1889=DIRECTION('ref_axis',(0.,-1.,0.));
#1890=DIRECTION('',(0.,0.,1.));
#1891=DIRECTION('center_axis',(0.,-1.,0.));
#1892=DIRECTION('ref_axis',(1.,0.,0.));
#1893=DIRECTION('',(-1.,0.,0.));
#1894=DIRECTION('',(1.,0.,0.));
#1895=DIRECTION('',(0.,0.,1.));
#1896=DIRECTION('center_axis',(0.,0.,1.));
#1897=DIRECTION('ref_axis',(-0.526028700733413,-0.850466816521795,0.));
#1898=DIRECTION('center_axis',(0.,0.,1.));
#1899=DIRECTION('ref_axis',(-0.526028700733413,-0.850466816521795,0.));
#1900=DIRECTION('center_axis',(0.,0.,1.));
#1901=DIRECTION('ref_axis',(-0.526028700733413,-0.850466816521795,0.));
#1902=DIRECTION('',(0.,0.,1.));
#1903=DIRECTION('center_axis',(-0.636631211996568,-0.77116839919163,0.));
#1904=DIRECTION('ref_axis',(0.77116839919163,-0.636631211996568,0.));
#1905=DIRECTION('',(-0.77116839919163,0.636631211996568,0.));
#1906=DIRECTION('',(0.77116839919163,-0.636631211996568,0.));
#1907=DIRECTION('',(0.,0.,1.));
#1908=DIRECTION('center_axis',(0.,0.,1.));
#1909=DIRECTION('ref_axis',(-0.411997890461607,0.911184799179171,0.));
#1910=DIRECTION('center_axis',(0.,0.,1.));
#1911=DIRECTION('ref_axis',(-0.411997890461607,0.911184799179171,0.));
#1912=DIRECTION('center_axis',(0.,0.,1.));
#1913=DIRECTION('ref_axis',(-0.411997890461607,0.911184799179171,0.));
#1914=DIRECTION('',(0.,0.,1.));
#1915=DIRECTION('center_axis',(-0.411997890460189,0.911184799179812,0.));
#1916=DIRECTION('ref_axis',(-0.911184799179812,-0.411997890460189,0.));
#1917=DIRECTION('',(-0.911184799179812,-0.411997890460189,0.));
#1918=DIRECTION('',(-0.911184799179812,-0.411997890460189,0.));
#1919=DIRECTION('center_axis',(0.,0.,1.));
#1920=DIRECTION('ref_axis',(1.,0.,0.));
#1921=DIRECTION('center_axis',(0.,0.,1.));
#1922=DIRECTION('ref_axis',(1.,0.,0.));
#1923=CARTESIAN_POINT('',(0.,0.,0.));
#1924=CARTESIAN_POINT('Origin',(629.261234822242,139.829001347395,0.));
#1925=CARTESIAN_POINT('',(629.986281051871,139.490906738003,0.));
#1926=CARTESIAN_POINT('',(628.567022459547,139.431422178573,0.));
#1927=CARTESIAN_POINT('Origin',(629.261234822242,139.829001347395,0.));
#1928=CARTESIAN_POINT('',(628.567022459547,139.431422178573,2.));
#1929=CARTESIAN_POINT('',(628.567022459547,139.431422178573,0.));
#1930=CARTESIAN_POINT('',(629.986281051871,139.490906738003,2.));
#1931=CARTESIAN_POINT('Origin',(629.261234822242,139.829001347395,2.));
#1932=CARTESIAN_POINT('',(629.986281051871,139.490906738003,0.));
#1933=CARTESIAN_POINT('Origin',(631.103822815374,141.887482783792,0.));
#1934=CARTESIAN_POINT('',(631.103822815374,141.887482783792,0.));
#1935=CARTESIAN_POINT('',(631.103822815374,141.887482783792,0.));
#1936=CARTESIAN_POINT('',(631.103822815374,141.887482783792,2.));
#1937=CARTESIAN_POINT('',(631.103822815374,141.887482783792,2.));
#1938=CARTESIAN_POINT('',(631.103822815374,141.887482783792,0.));
#1939=CARTESIAN_POINT('Origin',(630.378776585744,142.225577393184,0.));
#1940=CARTESIAN_POINT('',(630.716871195137,142.950623622814,0.));
#1941=CARTESIAN_POINT('Origin',(630.378776585744,142.225577393184,0.));
#1942=CARTESIAN_POINT('',(630.716871195137,142.950623622814,2.));
#1943=CARTESIAN_POINT('Origin',(630.378776585744,142.225577393184,2.));
#1944=CARTESIAN_POINT('',(630.716871195137,142.950623622814,0.));
#1945=CARTESIAN_POINT('Origin',(627.319508080068,144.534840060904,0.));
#1946=CARTESIAN_POINT('',(627.319508080068,144.534840060904,0.));
#1947=CARTESIAN_POINT('',(627.319508080068,144.534840060904,0.));
#1948=CARTESIAN_POINT('',(627.319508080068,144.534840060904,2.));
#1949=CARTESIAN_POINT('',(627.319508080068,144.534840060904,2.));
#1950=CARTESIAN_POINT('',(627.319508080068,144.534840060904,0.));
#1951=CARTESIAN_POINT('Origin',(626.981413470676,143.809793831274,0.));
#1952=CARTESIAN_POINT('',(626.287201107981,143.412214662452,0.));
#1953=CARTESIAN_POINT('Origin',(626.981413470676,143.809793831274,0.));
#1954=CARTESIAN_POINT('',(626.287201107981,143.412214662452,2.));
#1955=CARTESIAN_POINT('Origin',(626.981413470676,143.809793831274,2.));
#1956=CARTESIAN_POINT('',(626.287201107981,143.412214662452,0.));
#1957=CARTESIAN_POINT('Origin',(628.567022459547,139.431422178573,0.));
#1958=CARTESIAN_POINT('',(626.287201107981,143.412214662452,0.));
#1959=CARTESIAN_POINT('',(626.287201107981,143.412214662452,2.));
#1960=CARTESIAN_POINT('Origin',(623.843031685235,140.398544260038,0.));
#1961=CARTESIAN_POINT('',(623.843031685235,140.398544260038,0.));
#1962=CARTESIAN_POINT('',(617.498877175976,143.356872092224,0.));
#1963=CARTESIAN_POINT('',(617.498877175976,143.356872092224,0.));
#1964=CARTESIAN_POINT('',(617.498877175976,143.356872092224,2.));
#1965=CARTESIAN_POINT('',(617.498877175976,143.356872092224,0.));
#1966=CARTESIAN_POINT('',(623.843031685235,140.398544260038,2.));
#1967=CARTESIAN_POINT('',(617.498877175976,143.356872092224,2.));
#1968=CARTESIAN_POINT('',(623.843031685235,140.398544260038,0.));
#1969=CARTESIAN_POINT('Origin',(624.286780860063,141.350167436427,0.));
#1970=CARTESIAN_POINT('',(624.73053003489,142.301790612815,0.));
#1971=CARTESIAN_POINT('Origin',(624.286780860063,141.350167436427,0.));
#1972=CARTESIAN_POINT('',(624.73053003489,142.301790612815,2.));
#1973=CARTESIAN_POINT('Origin',(624.286780860063,141.350167436427,2.));
#1974=CARTESIAN_POINT('',(624.73053003489,142.301790612815,0.));
#1975=CARTESIAN_POINT('Origin',(618.386375525635,145.260118445,0.));
#1976=CARTESIAN_POINT('',(618.386375525635,145.260118445,0.));
#1977=CARTESIAN_POINT('',(618.386375525635,145.260118445,0.));
#1978=CARTESIAN_POINT('',(618.386375525635,145.260118445,2.));
#1979=CARTESIAN_POINT('',(618.386375525635,145.260118445,2.));
#1980=CARTESIAN_POINT('',(618.386375525635,145.260118445,0.));
#1981=CARTESIAN_POINT('Origin',(617.942626350806,144.308495268611,0.));
#1982=CARTESIAN_POINT('Origin',(617.942626350806,144.308495268611,0.));
#1983=CARTESIAN_POINT('Origin',(617.942626350806,144.308495268611,2.));
#1984=CARTESIAN_POINT('Origin',(629.03659334741,146.8037700355,0.));
#1985=CARTESIAN_POINT('',(629.03659334741,146.8037700355,0.));
#1986=CARTESIAN_POINT('',(619.520361595865,151.241261776201,0.));
#1987=CARTESIAN_POINT('',(619.520361595865,151.241261776201,0.));
#1988=CARTESIAN_POINT('',(619.520361595865,151.241261776201,2.));
#1989=CARTESIAN_POINT('',(619.520361595865,151.241261776201,0.));
#1990=CARTESIAN_POINT('',(629.03659334741,146.8037700355,2.));
#1991=CARTESIAN_POINT('',(619.520361595865,151.241261776201,2.));
#1992=CARTESIAN_POINT('',(629.03659334741,146.8037700355,0.));
#1993=CARTESIAN_POINT('Origin',(629.480342522087,147.755393211959,0.));
#1994=CARTESIAN_POINT('',(629.924091696763,148.707016388417,0.));
#1995=CARTESIAN_POINT('Origin',(629.480342522087,147.755393211959,0.));
#1996=CARTESIAN_POINT('',(629.924091696763,148.707016388417,2.));
#1997=CARTESIAN_POINT('Origin',(629.480342522087,147.755393211959,2.));
#1998=CARTESIAN_POINT('',(629.924091696763,148.707016388417,0.));
#1999=CARTESIAN_POINT('Origin',(620.407859945223,153.144508129117,0.));
#2000=CARTESIAN_POINT('',(620.407859945223,153.144508129117,0.));
#2001=CARTESIAN_POINT('',(620.407859945223,153.144508129117,0.));
#2002=CARTESIAN_POINT('',(620.407859945223,153.144508129117,2.));
#2003=CARTESIAN_POINT('',(620.407859945223,153.144508129117,2.));
#2004=CARTESIAN_POINT('',(620.407859945223,153.144508129117,0.));
#2005=CARTESIAN_POINT('Origin',(619.964110770544,152.192884952659,0.));
#2006=CARTESIAN_POINT('Origin',(619.964110770544,152.192884952659,0.));
#2007=CARTESIAN_POINT('Origin',(619.964110770544,152.192884952659,2.));
#2008=CARTESIAN_POINT('Origin',(630.604923865994,154.899468855932,0.));
#2009=CARTESIAN_POINT('',(630.604923865994,154.899468855932,0.));
#2010=CARTESIAN_POINT('',(624.260769363831,157.857796684809,0.));
#2011=CARTESIAN_POINT('',(624.260769363831,157.857796684809,0.));
#2012=CARTESIAN_POINT('',(624.260769363831,157.857796684809,2.));
#2013=CARTESIAN_POINT('',(624.260769363831,157.857796684809,0.));
#2014=CARTESIAN_POINT('',(630.604923865994,154.899468855932,2.));
#2015=CARTESIAN_POINT('',(624.260769363831,157.857796684809,2.));
#2016=CARTESIAN_POINT('',(630.604923865994,154.899468855932,0.));
#2017=CARTESIAN_POINT('Origin',(631.048673040824,155.851092032319,0.));
#2018=CARTESIAN_POINT('',(631.492422215654,156.802715208707,0.));
#2019=CARTESIAN_POINT('Origin',(631.048673040824,155.851092032319,0.));
#2020=CARTESIAN_POINT('',(631.492422215654,156.802715208707,2.));
#2021=CARTESIAN_POINT('Origin',(631.048673040824,155.851092032319,2.));
#2022=CARTESIAN_POINT('',(631.492422215654,156.802715208707,0.));
#2023=CARTESIAN_POINT('Origin',(625.148267713492,159.761043037583,0.));
#2024=CARTESIAN_POINT('',(625.148267713492,159.761043037583,0.));
#2025=CARTESIAN_POINT('',(625.148267713492,159.761043037583,0.));
#2026=CARTESIAN_POINT('',(625.148267713492,159.761043037583,2.));
#2027=CARTESIAN_POINT('',(625.148267713492,159.761043037583,2.));
#2028=CARTESIAN_POINT('',(625.148267713492,159.761043037583,0.));
#2029=CARTESIAN_POINT('Origin',(624.704518538657,158.809419861198,0.));
#2030=CARTESIAN_POINT('Origin',(624.704518538657,158.809419861198,0.));
#2031=CARTESIAN_POINT('Origin',(624.704518538657,158.809419861198,2.));
#2032=CARTESIAN_POINT('Origin',(633.955834876427,149.896603652621,0.));
#2033=CARTESIAN_POINT('',(633.955834876427,149.896603652621,0.));
#2034=CARTESIAN_POINT('',(630.558471761359,151.48082009071,0.));
#2035=CARTESIAN_POINT('',(630.558471761359,151.48082009071,0.));
#2036=CARTESIAN_POINT('',(630.558471761359,151.48082009071,2.));
#2037=CARTESIAN_POINT('',(630.558471761359,151.48082009071,0.));
#2038=CARTESIAN_POINT('',(633.955834876427,149.896603652621,2.));
#2039=CARTESIAN_POINT('',(630.558471761359,151.48082009071,2.));
#2040=CARTESIAN_POINT('',(633.955834876427,149.896603652621,0.));
#2041=CARTESIAN_POINT('Origin',(634.29392948582,150.62164988225,0.));
#2042=CARTESIAN_POINT('',(635.018975715449,150.283555272857,0.));
#2043=CARTESIAN_POINT('Origin',(634.29392948582,150.62164988225,0.));
#2044=CARTESIAN_POINT('',(635.018975715449,150.283555272857,2.));
#2045=CARTESIAN_POINT('Origin',(634.29392948582,150.62164988225,2.));
#2046=CARTESIAN_POINT('',(635.018975715449,150.283555272857,0.));
#2047=CARTESIAN_POINT('Origin',(636.136517478951,152.680131318647,0.));
#2048=CARTESIAN_POINT('',(636.136517478951,152.680131318647,0.));
#2049=CARTESIAN_POINT('',(635.018975715449,150.283555272857,0.));
#2050=CARTESIAN_POINT('',(636.136517478951,152.680131318647,2.));
#2051=CARTESIAN_POINT('',(635.018975715449,150.283555272857,2.));
#2052=CARTESIAN_POINT('',(636.136517478951,152.680131318647,0.));
#2053=CARTESIAN_POINT('Origin',(635.411471249322,153.018225928039,0.));
#2054=CARTESIAN_POINT('',(635.269803457066,153.805582414414,0.));
#2055=CARTESIAN_POINT('Origin',(635.411471249322,153.018225928039,0.));
#2056=CARTESIAN_POINT('',(635.269803457066,153.805582414414,2.));
#2057=CARTESIAN_POINT('Origin',(635.411471249322,153.018225928039,2.));
#2058=CARTESIAN_POINT('',(635.269803457066,153.805582414414,0.));
#2059=CARTESIAN_POINT('Origin',(630.754898578496,152.993222806715,0.));
#2060=CARTESIAN_POINT('',(630.754898578496,152.993222806715,0.));
#2061=CARTESIAN_POINT('',(630.754898578496,152.993222806715,0.));
#2062=CARTESIAN_POINT('',(630.754898578496,152.993222806715,2.));
#2063=CARTESIAN_POINT('',(630.754898578496,152.993222806715,2.));
#2064=CARTESIAN_POINT('',(630.754898578496,152.993222806715,0.));
#2065=CARTESIAN_POINT('Origin',(630.896566370751,152.20586632034,0.));
#2066=CARTESIAN_POINT('Origin',(630.896566370751,152.20586632034,0.));
#2067=CARTESIAN_POINT('Origin',(630.896566370751,152.20586632034,2.));
#2068=CARTESIAN_POINT('Origin',(620.020301444586,166.510595759436,0.));
#2069=CARTESIAN_POINT('',(618.970301444586,166.510595759436,2.));
#2070=CARTESIAN_POINT('Origin',(620.020301444586,166.510595759436,2.));
#2071=CARTESIAN_POINT('',(618.970301444586,166.510595759436,0.));
#2072=CARTESIAN_POINT('',(618.970301444586,166.510595759436,0.));
#2073=CARTESIAN_POINT('Origin',(620.020301444586,166.510595759436,0.));
#2074=CARTESIAN_POINT('Origin',(609.032226646418,142.946593293177,0.));
#2075=CARTESIAN_POINT('',(607.982226646418,142.946593293177,2.));
#2076=CARTESIAN_POINT('Origin',(609.032226646418,142.946593293177,2.));
#2077=CARTESIAN_POINT('',(607.982226646418,142.946593293177,0.));
#2078=CARTESIAN_POINT('',(607.982226646418,142.946593293177,0.));
#2079=CARTESIAN_POINT('Origin',(609.032226646418,142.946593293177,0.));
#2080=CARTESIAN_POINT('Origin',(610.889943172332,148.725196384792,0.));
#2081=CARTESIAN_POINT('',(611.713938953252,146.902826786432,0.));
#2082=CARTESIAN_POINT('',(612.702558746816,147.879959862191,0.));
#2083=CARTESIAN_POINT('Origin',(610.889943172332,148.725196384792,0.));
#2084=CARTESIAN_POINT('',(611.713938953252,146.902826786432,2.));
#2085=CARTESIAN_POINT('',(611.713938953252,146.902826786432,0.));
#2086=CARTESIAN_POINT('',(612.702558746816,147.879959862191,2.));
#2087=CARTESIAN_POINT('Origin',(610.889943172332,148.725196384792,2.));
#2088=CARTESIAN_POINT('',(612.702558746816,147.879959862191,0.));
#2089=CARTESIAN_POINT('Origin',(618.600367398544,160.527851347693,0.));
#2090=CARTESIAN_POINT('',(618.600367398544,160.527851347693,0.));
#2091=CARTESIAN_POINT('',(612.702558746816,147.879959862191,0.));
#2092=CARTESIAN_POINT('',(618.600367398544,160.527851347693,2.));
#2093=CARTESIAN_POINT('',(612.702558746816,147.879959862191,2.));
#2094=CARTESIAN_POINT('',(618.600367398544,160.527851347693,0.));
#2095=CARTESIAN_POINT('Origin',(616.78775182406,161.373087870295,0.));
#2096=CARTESIAN_POINT('',(618.713422206034,161.913267081288,0.));
#2097=CARTESIAN_POINT('Origin',(616.78775182406,161.373087870295,0.));
#2098=CARTESIAN_POINT('',(618.713422206034,161.913267081288,2.));
#2099=CARTESIAN_POINT('Origin',(616.78775182406,161.373087870295,2.));
#2100=CARTESIAN_POINT('',(618.713422206034,161.913267081288,0.));
#2101=CARTESIAN_POINT('Origin',(617.613213457235,165.835371742914,0.));
#2102=CARTESIAN_POINT('',(617.613213457235,165.835371742914,0.));
#2103=CARTESIAN_POINT('',(618.713422206034,161.913267081288,0.));
#2104=CARTESIAN_POINT('',(617.613213457235,165.835371742914,2.));
#2105=CARTESIAN_POINT('',(618.713422206034,161.913267081288,2.));
#2106=CARTESIAN_POINT('',(617.613213457235,165.835371742914,0.));
#2107=CARTESIAN_POINT('Origin',(620.020301444586,166.510595759436,0.));
#2108=CARTESIAN_POINT('',(621.063302186549,168.782632181592,0.));
#2109=CARTESIAN_POINT('Origin',(620.020301444586,166.510595759436,0.));
#2110=CARTESIAN_POINT('',(621.063302186549,168.782632181592,2.));
#2111=CARTESIAN_POINT('Origin',(620.020301444586,166.510595759436,2.));
#2112=CARTESIAN_POINT('',(621.063302186549,168.782632181592,0.));
#2113=CARTESIAN_POINT('Origin',(636.39318924351,161.745296239845,0.));
#2114=CARTESIAN_POINT('',(636.39318924351,161.745296239845,0.));
#2115=CARTESIAN_POINT('',(636.39318924351,161.745296239845,0.));
#2116=CARTESIAN_POINT('',(636.39318924351,161.745296239845,2.));
#2117=CARTESIAN_POINT('',(636.39318924351,161.745296239845,2.));
#2118=CARTESIAN_POINT('',(636.39318924351,161.745296239845,0.));
#2119=CARTESIAN_POINT('Origin',(636.102436299632,161.000002522156,0.));
#2120=CARTESIAN_POINT('',(636.902436299632,161.000002522156,0.));
#2121=CARTESIAN_POINT('Origin',(636.102436299632,161.000002522156,0.));
#2122=CARTESIAN_POINT('',(636.902436299632,161.000002522156,2.));
#2123=CARTESIAN_POINT('Origin',(636.102436299632,161.000002522156,2.));
#2124=CARTESIAN_POINT('',(636.902436299632,161.000002522156,0.));
#2125=CARTESIAN_POINT('Origin',(636.902436299632,156.546629117262,0.));
#2126=CARTESIAN_POINT('',(636.902436299632,156.546629117262,0.));
#2127=CARTESIAN_POINT('',(636.902436299632,156.546629117262,0.));
#2128=CARTESIAN_POINT('',(636.902436299632,156.546629117262,2.));
#2129=CARTESIAN_POINT('',(636.902436299632,156.546629117262,2.));
#2130=CARTESIAN_POINT('',(636.902436299632,156.546629117262,0.));
#2131=CARTESIAN_POINT('Origin',(637.702436299632,156.546629117262,0.));
#2132=CARTESIAN_POINT('',(638.502436299632,156.546629117262,0.));
#2133=CARTESIAN_POINT('Origin',(637.702436299632,156.546629117262,0.));
#2134=CARTESIAN_POINT('',(638.502436299632,156.546629117262,2.));
#2135=CARTESIAN_POINT('Origin',(637.702436299632,156.546629117262,2.));
#2136=CARTESIAN_POINT('',(638.502436299632,156.546629117262,0.));
#2137=CARTESIAN_POINT('Origin',(640.812836299632,156.546629117262,0.));
#2138=CARTESIAN_POINT('',(640.812836299632,156.546629117262,0.));
#2139=CARTESIAN_POINT('',(638.502436299632,156.546629117262,0.));
#2140=CARTESIAN_POINT('',(640.812836299632,156.546629117262,2.));
#2141=CARTESIAN_POINT('',(638.502436299632,156.546629117262,2.));
#2142=CARTESIAN_POINT('',(640.812836299632,156.546629117262,0.));
#2143=CARTESIAN_POINT('Origin',(641.612836299632,156.546629117262,0.));
#2144=CARTESIAN_POINT('',(642.412836299632,156.546629117262,0.));
#2145=CARTESIAN_POINT('Origin',(641.612836299632,156.546629117262,0.));
#2146=CARTESIAN_POINT('',(642.412836299632,156.546629117262,2.));
#2147=CARTESIAN_POINT('Origin',(641.612836299632,156.546629117262,2.));
#2148=CARTESIAN_POINT('',(642.412836299632,156.546629117262,0.));
#2149=CARTESIAN_POINT('Origin',(642.412836299632,157.746629445087,0.));
#2150=CARTESIAN_POINT('',(642.412836299632,157.746629445087,0.));
#2151=CARTESIAN_POINT('',(642.412836299632,157.746629445087,0.));
#2152=CARTESIAN_POINT('',(642.412836299632,157.746629445087,2.));
#2153=CARTESIAN_POINT('',(642.412836299632,157.746629445087,2.));
#2154=CARTESIAN_POINT('',(642.412836299632,157.746629445087,0.));
#2155=CARTESIAN_POINT('Origin',(643.212836299632,157.746629445087,0.));
#2156=CARTESIAN_POINT('',(643.212836299632,158.546629445087,0.));
#2157=CARTESIAN_POINT('Origin',(643.212836299632,157.746629445087,0.));
#2158=CARTESIAN_POINT('',(643.212836299632,158.546629445087,2.));
#2159=CARTESIAN_POINT('Origin',(643.212836299632,157.746629445087,2.));
#2160=CARTESIAN_POINT('',(643.212836299632,158.546629445087,0.));
#2161=CARTESIAN_POINT('Origin',(647.472836299632,158.546629445087,0.));
#2162=CARTESIAN_POINT('',(647.472836299632,158.546629445087,0.));
#2163=CARTESIAN_POINT('',(647.472836299632,158.546629445087,0.));
#2164=CARTESIAN_POINT('',(647.472836299632,158.546629445087,2.));
#2165=CARTESIAN_POINT('',(647.472836299632,158.546629445087,2.));
#2166=CARTESIAN_POINT('',(647.472836299632,158.546629445087,0.));
#2167=CARTESIAN_POINT('Origin',(647.472836299632,157.746629445087,0.));
#2168=CARTESIAN_POINT('',(648.272836299632,157.746629445087,0.));
#2169=CARTESIAN_POINT('Origin',(647.472836299632,157.746629445087,0.));
#2170=CARTESIAN_POINT('',(648.272836299632,157.746629445087,2.));
#2171=CARTESIAN_POINT('Origin',(647.472836299632,157.746629445087,2.));
#2172=CARTESIAN_POINT('',(648.272836299632,157.746629445087,0.));
#2173=CARTESIAN_POINT('Origin',(648.272836299632,152.214977990168,0.));
#2174=CARTESIAN_POINT('',(648.272836299632,152.214977990168,0.));
#2175=CARTESIAN_POINT('',(648.272836299632,152.214977990168,0.));
#2176=CARTESIAN_POINT('',(648.272836299632,152.214977990168,2.));
#2177=CARTESIAN_POINT('',(648.272836299632,152.214977990168,2.));
#2178=CARTESIAN_POINT('',(648.272836299632,152.214977990168,0.));
#2179=CARTESIAN_POINT('Origin',(647.472836299632,152.214977990168,0.));
#2180=CARTESIAN_POINT('',(647.615147332484,151.427737512342,0.));
#2181=CARTESIAN_POINT('Origin',(647.472836299632,152.214977990168,0.));
#2182=CARTESIAN_POINT('',(647.615147332484,151.427737512342,2.));
#2183=CARTESIAN_POINT('Origin',(647.472836299632,152.214977990168,2.));
#2184=CARTESIAN_POINT('',(647.615147332484,151.427737512342,0.));
#2185=CARTESIAN_POINT('Origin',(638.484059679057,149.777092567589,0.));
#2186=CARTESIAN_POINT('',(638.484059679057,149.777092567589,0.));
#2187=CARTESIAN_POINT('',(638.484059679057,149.777092567589,0.));
#2188=CARTESIAN_POINT('',(638.484059679057,149.777092567589,2.));
#2189=CARTESIAN_POINT('',(638.484059679057,149.777092567589,2.));
#2190=CARTESIAN_POINT('',(638.484059679057,149.777092567589,0.));
#2191=CARTESIAN_POINT('Origin',(638.62637071191,148.989852089762,0.));
#2192=CARTESIAN_POINT('',(637.90132448228,149.327946699155,0.));
#2193=CARTESIAN_POINT('Origin',(638.62637071191,148.989852089762,0.));
#2194=CARTESIAN_POINT('',(637.90132448228,149.327946699155,2.));
#2195=CARTESIAN_POINT('Origin',(638.62637071191,148.989852089762,2.));
#2196=CARTESIAN_POINT('',(637.90132448228,149.327946699155,0.));
#2197=CARTESIAN_POINT('Origin',(634.347790308421,141.707368071046,0.));
#2198=CARTESIAN_POINT('',(634.347790308421,141.707368071046,0.));
#2199=CARTESIAN_POINT('',(634.347790308421,141.707368071046,0.));
#2200=CARTESIAN_POINT('',(634.347790308421,141.707368071046,2.));
#2201=CARTESIAN_POINT('',(634.347790308421,141.707368071046,2.));
#2202=CARTESIAN_POINT('',(634.347790308421,141.707368071046,0.));
#2203=CARTESIAN_POINT('Origin',(635.072836538051,141.369273461653,0.));
#2204=CARTESIAN_POINT('',(634.272836538051,141.369273461653,0.));
#2205=CARTESIAN_POINT('Origin',(635.072836538051,141.369273461653,0.));
#2206=CARTESIAN_POINT('',(634.272836538051,141.369273461653,2.));
#2207=CARTESIAN_POINT('Origin',(635.072836538051,141.369273461653,2.));
#2208=CARTESIAN_POINT('',(634.272836538051,141.369273461653,0.));
#2209=CARTESIAN_POINT('Origin',(634.27283653805,137.346629117262,0.));
#2210=CARTESIAN_POINT('',(634.27283653805,137.346629117262,0.));
#2211=CARTESIAN_POINT('',(634.27283653805,137.346629117262,0.));
#2212=CARTESIAN_POINT('',(634.27283653805,137.346629117262,2.));
#2213=CARTESIAN_POINT('',(634.27283653805,137.346629117262,2.));
#2214=CARTESIAN_POINT('',(634.27283653805,137.346629117262,0.));
#2215=CARTESIAN_POINT('Origin',(633.47283653805,137.346629117262,0.));
#2216=CARTESIAN_POINT('',(633.47283653805,136.546629117262,0.));
#2217=CARTESIAN_POINT('Origin',(633.47283653805,137.346629117262,0.));
#2218=CARTESIAN_POINT('',(633.47283653805,136.546629117262,2.));
#2219=CARTESIAN_POINT('Origin',(633.47283653805,137.346629117262,2.));
#2220=CARTESIAN_POINT('',(633.47283653805,136.546629117262,0.));
#2221=CARTESIAN_POINT('Origin',(630.457836299632,136.546629117262,0.));
#2222=CARTESIAN_POINT('',(630.457836299632,136.546629117262,0.));
#2223=CARTESIAN_POINT('',(630.457836299632,136.546629117262,0.));
#2224=CARTESIAN_POINT('',(630.457836299632,136.546629117262,2.));
#2225=CARTESIAN_POINT('',(630.457836299632,136.546629117262,2.));
#2226=CARTESIAN_POINT('',(630.457836299632,136.546629117262,0.));
#2227=CARTESIAN_POINT('Origin',(629.657836299632,136.546629117262,0.));
#2228=CARTESIAN_POINT('',(628.857836299632,136.546629117262,0.));
#2229=CARTESIAN_POINT('Origin',(629.657836299632,136.546629117262,0.));
#2230=CARTESIAN_POINT('',(628.857836299632,136.546629117262,2.));
#2231=CARTESIAN_POINT('Origin',(629.657836299632,136.546629117262,2.));
#2232=CARTESIAN_POINT('',(628.857836299632,136.546629117262,0.));
#2233=CARTESIAN_POINT('Origin',(628.857836299632,134.346629072558,0.));
#2234=CARTESIAN_POINT('',(628.857836299631,134.346629072558,0.));
#2235=CARTESIAN_POINT('',(628.857836299632,134.346629072558,0.));
#2236=CARTESIAN_POINT('',(628.857836299631,134.346629072558,2.));
#2237=CARTESIAN_POINT('',(628.857836299632,134.346629072558,2.));
#2238=CARTESIAN_POINT('',(628.857836299631,134.346629072558,0.));
#2239=CARTESIAN_POINT('Origin',(628.057836299632,134.346629072558,0.));
#2240=CARTESIAN_POINT('',(628.057836299632,133.546629072558,0.));
#2241=CARTESIAN_POINT('Origin',(628.057836299632,134.346629072558,0.));
#2242=CARTESIAN_POINT('',(628.057836299632,133.546629072558,2.));
#2243=CARTESIAN_POINT('Origin',(628.057836299632,134.346629072558,2.));
#2244=CARTESIAN_POINT('',(628.057836299632,133.546629072558,0.));
#2245=CARTESIAN_POINT('Origin',(624.797836299632,133.546629072558,0.));
#2246=CARTESIAN_POINT('',(624.797836299632,133.546629072558,0.));
#2247=CARTESIAN_POINT('',(624.797836299632,133.546629072558,0.));
#2248=CARTESIAN_POINT('',(624.797836299632,133.546629072558,2.));
#2249=CARTESIAN_POINT('',(624.797836299632,133.546629072558,2.));
#2250=CARTESIAN_POINT('',(624.797836299632,133.546629072558,0.));
#2251=CARTESIAN_POINT('Origin',(624.797836299632,134.346629072558,0.));
#2252=CARTESIAN_POINT('',(623.997836299632,134.346629072558,0.));
#2253=CARTESIAN_POINT('Origin',(624.797836299632,134.346629072558,0.));
#2254=CARTESIAN_POINT('',(623.997836299632,134.346629072558,2.));
#2255=CARTESIAN_POINT('Origin',(624.797836299632,134.346629072558,2.));
#2256=CARTESIAN_POINT('',(623.997836299632,134.346629072558,0.));
#2257=CARTESIAN_POINT('Origin',(623.997836299632,136.546629117262,0.));
#2258=CARTESIAN_POINT('',(623.997836299632,136.546629117262,0.));
#2259=CARTESIAN_POINT('',(623.997836299632,136.546629117262,0.));
#2260=CARTESIAN_POINT('',(623.997836299632,136.546629117262,2.));
#2261=CARTESIAN_POINT('',(623.997836299632,136.546629117262,2.));
#2262=CARTESIAN_POINT('',(623.997836299632,136.546629117262,0.));
#2263=CARTESIAN_POINT('Origin',(623.197836299632,136.546629117262,0.));
#2264=CARTESIAN_POINT('',(622.397836299632,136.546629117262,0.));
#2265=CARTESIAN_POINT('Origin',(623.197836299632,136.546629117262,0.));
#2266=CARTESIAN_POINT('',(622.397836299632,136.546629117262,2.));
#2267=CARTESIAN_POINT('Origin',(623.197836299632,136.546629117262,2.));
#2268=CARTESIAN_POINT('',(622.397836299632,136.546629117262,0.));
#2269=CARTESIAN_POINT('Origin',(619.872836299632,136.546629117262,0.));
#2270=CARTESIAN_POINT('',(619.872836299632,136.546629117262,0.));
#2271=CARTESIAN_POINT('',(619.872836299632,136.546629117262,0.));
#2272=CARTESIAN_POINT('',(619.872836299632,136.546629117262,2.));
#2273=CARTESIAN_POINT('',(619.872836299632,136.546629117262,2.));
#2274=CARTESIAN_POINT('',(619.872836299632,136.546629117262,0.));
#2275=CARTESIAN_POINT('Origin',(619.072836299632,136.546629117262,0.));
#2276=CARTESIAN_POINT('',(618.272836299632,136.546629117262,0.));
#2277=CARTESIAN_POINT('Origin',(619.072836299632,136.546629117262,0.));
#2278=CARTESIAN_POINT('',(618.272836299632,136.546629117262,2.));
#2279=CARTESIAN_POINT('Origin',(619.072836299632,136.546629117262,2.));
#2280=CARTESIAN_POINT('',(618.272836299632,136.546629117262,0.));
#2281=CARTESIAN_POINT('Origin',(618.272836299632,134.346629072558,0.));
#2282=CARTESIAN_POINT('',(618.272836299632,134.346629072558,0.));
#2283=CARTESIAN_POINT('',(618.272836299632,136.546629117262,0.));
#2284=CARTESIAN_POINT('',(618.272836299632,134.346629072558,2.));
#2285=CARTESIAN_POINT('',(618.272836299632,136.546629117262,2.));
#2286=CARTESIAN_POINT('',(618.272836299632,134.346629072558,0.));
#2287=CARTESIAN_POINT('Origin',(617.472836299631,134.346629072558,0.));
#2288=CARTESIAN_POINT('',(617.472836299631,133.546629072558,0.));
#2289=CARTESIAN_POINT('Origin',(617.472836299631,134.346629072558,0.));
#2290=CARTESIAN_POINT('',(617.472836299631,133.546629072558,2.));
#2291=CARTESIAN_POINT('Origin',(617.472836299631,134.346629072558,2.));
#2292=CARTESIAN_POINT('',(617.472836299631,133.546629072558,0.));
#2293=CARTESIAN_POINT('Origin',(616.767650355942,133.546629072558,0.));
#2294=CARTESIAN_POINT('',(616.767650355942,133.546629072558,0.));
#2295=CARTESIAN_POINT('',(617.472836299631,133.546629072558,0.));
#2296=CARTESIAN_POINT('',(616.767650355942,133.546629072558,2.));
#2297=CARTESIAN_POINT('',(617.472836299631,133.546629072558,2.));
#2298=CARTESIAN_POINT('',(616.767650355942,133.546629072558,0.));
#2299=CARTESIAN_POINT('Origin',(616.767650355942,134.346629072558,0.));
#2300=CARTESIAN_POINT('',(616.346827395355,133.666255619341,0.));
#2301=CARTESIAN_POINT('Origin',(616.767650355942,134.346629072558,0.));
#2302=CARTESIAN_POINT('',(616.346827395355,133.666255619341,2.));
#2303=CARTESIAN_POINT('Origin',(616.767650355942,134.346629072558,2.));
#2304=CARTESIAN_POINT('',(616.346827395355,133.666255619341,0.));
#2305=CARTESIAN_POINT('Origin',(607.440648611445,141.018672289166,0.));
#2306=CARTESIAN_POINT('',(607.440648611445,141.018672289166,0.));
#2307=CARTESIAN_POINT('',(616.346827395355,133.666255619341,0.));
#2308=CARTESIAN_POINT('',(607.440648611445,141.018672289166,2.));
#2309=CARTESIAN_POINT('',(616.346827395355,133.666255619341,2.));
#2310=CARTESIAN_POINT('',(607.440648611445,141.018672289166,0.));
#2311=CARTESIAN_POINT('Origin',(609.032226646418,142.946593293177,0.));
#2312=CARTESIAN_POINT('',(608.002231917041,145.224555298254,0.));
#2313=CARTESIAN_POINT('Origin',(609.032226646418,142.946593293177,0.));
#2314=CARTESIAN_POINT('',(608.002231917041,145.224555298254,2.));
#2315=CARTESIAN_POINT('Origin',(609.032226646418,142.946593293177,2.));
#2316=CARTESIAN_POINT('',(608.002231917041,145.224555298254,0.));
#2317=CARTESIAN_POINT('Origin',(611.713938953252,146.902826786432,0.));
#2318=CARTESIAN_POINT('',(611.713938953252,146.902826786432,0.));
#2319=CARTESIAN_POINT('',(611.713938953252,146.902826786432,2.));
#2320=CARTESIAN_POINT('Origin',(627.402531469113,151.278612421131,2.));
#2321=CARTESIAN_POINT('Origin',(627.402531469113,151.278612421131,0.));
#2322=UNCERTAINTY_MEASURE_WITH_UNIT(LENGTH_MEASURE(0.01),#2326,
'DISTANCE_ACCURACY_VALUE',
'Maximum model space distance between geometric entities at asserted c
onnectivities');
#2323=UNCERTAINTY_MEASURE_WITH_UNIT(LENGTH_MEASURE(0.01),#2326,
'DISTANCE_ACCURACY_VALUE',
'Maximum model space distance between geometric entities at asserted c
onnectivities');
#2324=(
GEOMETRIC_REPRESENTATION_CONTEXT(3)
GLOBAL_UNCERTAINTY_ASSIGNED_CONTEXT((#2322))
GLOBAL_UNIT_ASSIGNED_CONTEXT((#2326,#2328,#2329))
REPRESENTATION_CONTEXT('','3D')
);
#2325=(
GEOMETRIC_REPRESENTATION_CONTEXT(3)
GLOBAL_UNCERTAINTY_ASSIGNED_CONTEXT((#2323))
GLOBAL_UNIT_ASSIGNED_CONTEXT((#2326,#2328,#2329))
REPRESENTATION_CONTEXT('','3D')
);
#2326=(
LENGTH_UNIT()
NAMED_UNIT(*)
SI_UNIT(.MILLI.,.METRE.)
);
#2327=(
LENGTH_UNIT()
NAMED_UNIT(*)
SI_UNIT($,.METRE.)
);
#2328=(
NAMED_UNIT(*)
PLANE_ANGLE_UNIT()
SI_UNIT($,.RADIAN.)
);
#2329=(
NAMED_UNIT(*)
SI_UNIT($,.STERADIAN.)
SOLID_ANGLE_UNIT()
);
#2330=SHAPE_DEFINITION_REPRESENTATION(#2331,#2332);
#2331=PRODUCT_DEFINITION_SHAPE('',$,#2334);
#2332=SHAPE_REPRESENTATION('',(#1382),#2324);
#2333=PRODUCT_DEFINITION_CONTEXT('part definition',#2338,'design');
#2334=PRODUCT_DEFINITION('camera_plates_DJI_O4_Wide',
'camera_plates_DJI_O4_Wide v4',#2335,#2333);
#2335=PRODUCT_DEFINITION_FORMATION('',$,#2340);
#2336=PRODUCT_RELATED_PRODUCT_CATEGORY('camera_plates_DJI_O4_Wide v4',
'camera_plates_DJI_O4_Wide v4',(#2340));
#2337=APPLICATION_PROTOCOL_DEFINITION('international standard',
'automotive_design',2009,#2338);
#2338=APPLICATION_CONTEXT(
'Core Data for Automotive Mechanical Design Process');
#2339=PRODUCT_CONTEXT('part definition',#2338,'mechanical');
#2340=PRODUCT('camera_plates_DJI_O4_Wide',
'camera_plates_DJI_O4_Wide v4',$,(#2339));
#2341=PRESENTATION_STYLE_ASSIGNMENT((#2342));
#2342=SURFACE_STYLE_USAGE(.BOTH.,#2343);
#2343=SURFACE_SIDE_STYLE('',(#2344));
#2344=SURFACE_STYLE_FILL_AREA(#2345);
#2345=FILL_AREA_STYLE('Acier - Satin\X\E9',(#2346));
#2346=FILL_AREA_STYLE_COLOUR('Acier - Satin\X\E9',#2347);
#2347=COLOUR_RGB('Acier - Satin\X\E9',0.627450980392157,0.627450980392157,
0.627450980392157);
ENDSEC;
END-ISO-10303-21;
